<?xml version="1.0" encoding="UTF-8"?>
<!DOCTYPE sqlMapConfig SYSTEM  "http://www.ibatis.com/dtd/sql-map-config-2.dtd">

<sqlMapConfig>
 <!-- Configure a built-in transaction manager.  If you're using an 
       app server, you probably want to use its transaction manager 
       and a managed datasource 
     -->
   <transactionManager type="JDBC" commitRequired="false">
      <dataSource type="SIMPLE">
         <property name="JDBC.Driver" value="oracle.jdbc.OracleDriver"></property>
         <property name="JDBC.ConnectionURL" value="jdbc:oracle:thin:@127.0.0.1:1521:orcl"></property>
         <property name="JDBC.Username" value="scott"></property>
         <property name="JDBC.Password" value="tiger"></property>
      </dataSource>
   </transactionManager>
   
    <!-- List the SQL Map XML files. They can be loaded from the 
       classpath, as they are here (com.domain.data...) -->
       <!--  -->
	<sqlMap resource="com/Ibatis/pojo/student.xml"/>
   
</sqlMapConfig>