<?xml version="1.0" encoding="UTF-8"?>
<!DOCTYPE sqlMapConfig SYSTEM  "http://www.ibatis.com/dtd/sql-map-config-2.dtd">

<sqlMapConfig>
 <!-- Configure a built-in transaction manager.  If you're using an 
       app server, you probably want to use its transaction manager 
       and a managed datasource 
     -->
     <properties resource="database.properties"></properties>
     <!-- 设置属性 -->
	<settings cacheModelsEnabled="true" 
		enhancementEnabled="true"
		lazyLoadingEnabled="true"
		 useStatementNamespaces="true"
		maxSessions="64" maxTransactions="8" maxRequests="128" />
         
   <transactionManager type="JDBC" commitRequired="false">
      <dataSource type="SIMPLE">
         <property name="JDBC.Driver" value="${driverClass}"></property>
         <property name="JDBC.ConnectionURL" value="${ConnectionURL}"></property>
         <property name="JDBC.Username" value="${username}"></property>
         <property name="JDBC.Password" value="${password}"></property>
      </dataSource>
   </transactionManager>
   
    <!-- List the SQL Map XML files. They can be loaded from the 
       classpath, as they are here (com.domain.data...) -->
       <!--  -->
	<sqlMap resource="com/Ibatis/pojo/student.xml"/>
	<sqlMap resource="com/Ibatis/pojo/dept.xml"/>
	<sqlMap resource="com/Ibatis/pojo/emp.xml"/>
   
</sqlMapConfig>