<?xml version="1.0" encoding="UTF-8" ?>
<!DOCTYPE struts PUBLIC "-//Apache Software Foundation//DTD Struts Configuration 2.1//EN" "http://struts.apache.org/dtds/struts-2.1.dtd">
<struts>
    
    <package name="test" extends="struts-default">
       <action name="test" class="com.Ibatis.action.Ibatisaction">
          <result name="emp">queryemp.jsp</result>
          <result name="add">addemp.jsp</result>
          <result  name="tolist"  type="redirectAction">test!querydept</result>
       </action>
    </package>
    
</struts>    
