<?xml version="1.0" encoding="UTF-8"?>
<beans
	xmlns="http://www.springframework.org/schema/beans"
	xmlns:xsi="http://www.w3.org/2001/XMLSchema-instance"
	xmlns:p="http://www.springframework.org/schema/p"
	xsi:schemaLocation="http://www.springframework.org/schema/beans http://www.springframework.org/schema/beans/spring-beans-3.1.xsd">

<!-- 数据源配置 -->

<bean id="dataSource" class="org.springframework.jdbc.datasource.DriverManagerDataSource">
		<property name="driverClassName">
			<value>oracle.jdbc.OracleDriver</value>
		</property>
		<property name="url">
			<value>jdbc:oracle:thin:@localhost:1521:orcl</value>
		</property>
		<property name="username">
			<value>scott</value>
		</property>
		<property name="password">
			<value>tiger</value>
		</property>	
	</bean>
	
	
	
	
	
	
	
	<!-- SqlMapClient配置 -->
	<bean id="sqlMapClient" class="org.springframework.orm.ibatis.SqlMapClientFactoryBean">
		<property name="configLocation" value="/WEB-INF/classes/sqlmapConfig.xml"></property>
		<property name="dataSource" ref="dataSource"></property>
	</bean>
	
	
	
	
	
	<bean id="empdao" class="demo.dao.EmpDAO">
		<property name="sqlMapClient">
			<ref local="sqlMapClient"/>
		</property>
	</bean>
	
	<bean id="deptdao" class="demo.dao.DeptDAO">
		<property name="sqlMapClient">
			<ref local="sqlMapClient"/>
		</property>
	</bean>
	
	
	
	
	
	
	
	
	
	
	
	
	
	
</beans>