<?xml version="1.0" encoding="UTF-8"?>
<!DOCTYPE sqlMapConfig PUBLIC "-//ibatis.apache.org//DTD SQL Map Config 2.0//EN" 
 "http://ibatis.apache.org/dtd/sql-map-config-2.dtd" >
<sqlMapConfig>
  <!-- 全局配置选项 -->
  <settings
  	useStatementNamespaces="true"
  	cacheModelsEnabled="true"
  	enhancementEnabled="true"
  	lazyLoadingEnabled="true" />
  	
  <!-- 事务管理 
  <transactionManager type="JDBC">
  	<dataSource type="SIMPLE">
  		<property name="JDBC.Driver" value="com.mysql.jdbc.Driver"/>
  		<property name="JDBC.ConnectionURL" value="jdbc:mysql://localhost:3306/sshdb?useUnicode=true&amp;characterEncoding=utf-8"/>
  		<property name="JDBC.Username" value="root"/>
  		<property name="JDBC.Password" value="root"/>
  	</dataSource>
  </transactionManager>
-->

  <!-- 映射文件 -->
  <sqlMap resource="demo/bean/Employee.xml"/>
  <sqlMap resource="demo/bean/Department.xml"/>
</sqlMapConfig>
