<?xml version="1.0" encoding="UTF-8" ?>
<!DOCTYPE struts PUBLIC "-//Apache Software Foundation//DTD Struts Configuration 2.1//EN" "http://struts.apache.org/dtds/struts-2.1.dtd">
<struts>

<package name="ssidemo" extends="struts-default">
		<!-- 员工管理 -->
		<action name="emp" class="demo.web.EmpAction">
			<result name="list">/emplist.jsp</result>
			<result name="edit">/empwh.jsp</result>
			<result name="emplist" type="redirectAction">emp!list</result>
		</action>
		
		<!--  部门管理  -->
		<action name="dept" class="demo.web.DeptAction">
			<result name="list">/deptlist.jsp</result>
			<result name="edit">/deptwh.jsp</result>
			<result name="deptlist" type="redirectAction">dept!list</result>
		</action>
	</package>


</struts>    
