<?xml version="1.0" encoding="UTF-8"?>
<!DOCTYPE sqlMap SYSTEM "http://ibatis.apache.org/dtd/sql-map-2.dtd" >
<sqlMap namespace="ns_dept">
<!-- 给POJO类定义短描述(或别名) -->
<typeAlias alias="dept" type="com.bean.Dept"/>
<resultMap class="dept" id="depment">
     <result property="did" column="did"/>
     <result property="dname" column="dname"/>
     <result property="manager" column="manager"/>
     <result property="tel" column="tel"/>
     <result property="master" column="master"/>
     <result property="mess" column="did" select="ns_mess.queryMessid" />
</resultMap>
<!-- 查询标签 -->
<select id="queryDept" resultMap="depment">
	select * from Dept
</select>
<select id="queryDeptById" parameterClass="java.lang.Integer" resultClass="dept">
 	select * from Dept where did=#value# 
</select>
<!-- 修改标签 -->
<update id="updateDept" parameterClass="dept">
	update Dept set dname=#dname#,manager=#manager#,tel=#tel#,master=#master# where did=#did#
</update>
<!-- 添加标签 -->
<insert id="insertDept" parameterClass="dept">
	insert into Dept values(#did#,#dname#,#manager#,#tel#,#master#)
</insert>
<!-- 删除标签 -->
<delete id="deleteDept" parameterClass="java.lang.Integer">
		delete from Dept where did=#value#
</delete>
</sqlMap>