<?xml version="1.0" encoding="UTF-8"?>
<!DOCTYPE sqlMap SYSTEM "http://ibatis.apache.org/dtd/sql-map-2.dtd" >
<sqlMap namespace="ns_mess">
<!-- 给POJO类定义短描述(或别名) -->
<typeAlias alias="mess" type="com.bean.Mess"/>
<resultMap class="mess" id="mesment">
     <result property="Id" column="Id"/>
     <result property="Username" column="Username"/>
     <result property="Sex" column="Sex"/>
     <result property="Email" column="Email"/>
     <result property="Phone" column="Phone"/>
     <result property="dept" column="did" select="ns_dept.queryDeptById" />
</resultMap>
<!-- 查询标签 -->
<select id="queryMess" resultMap="mesment">
	select * from Mess
</select>
<select id="queryMessid" parameterClass="java.lang.Integer" resultClass="mess">
	select * from Mess where did="value"
</select>
<!-- 修改标签 -->
<update id="updateMess" parameterClass="mess">
	update Mess set Username=#Username#,Sex=#Sex#,Email=#Email#,Phone=#Phone# where Id=#Id#
</update>
<!-- 添加标签 -->
<insert id="insertMess" parameterClass="mess">
	insert into Mess values(SEQ_T1.NEXTVAL,#Username#,#Sex#,#Email#,#Phone#,#Did#)
</insert>
<!-- 删除标签 -->
<delete id="deleteMess" parameterClass="java.lang.Integer">
		delete from Mess where Id=#value#
</delete>
</sqlMap>