<?xml version="1.0" encoding="UTF-8"?>
<beans
	xmlns="http://www.springframework.org/schema/beans"
	xmlns:xsi="http://www.w3.org/2001/XMLSchema-instance"
	xmlns:p="http://www.springframework.org/schema/p"
	xsi:schemaLocation="http://www.springframework.org/schema/beans http://www.springframework.org/schema/beans/spring-beans-3.1.xsd">


   <bean id="jvhui_time" class="java.util.Date"></bean>
   
   <bean id="po1" class="fz.juese">
     <property name="name" value="张三"/>
     <property name="sex" value="男"/>
     <property name="dianhua" value="7895123"/>
   </bean>
   <bean id="po2" class="fz.juese">
     <property name="name" value="张三"/>
     <property name="sex" value="男"/>
     <property name="dianhua" value="7895123"/>
   </bean>
   <bean id="po3" class="fz.juese">
     <property name="name" value="张三"/>
     <property name="sex" value="男"/>
     <property name="dianhua" value="7895123"/>
   </bean>
   <bean id="jtq" class="controller.jiantingqi1"/>
   <bean id="l" class="fz.jvhui">
     
      <property name="jh">
         <list>
           <ref bean="po1"/>
           <ref bean="po2"/>
           <ref bean="po3"/>
         </list>
      </property>
   </bean>
   
</beans>