<?xml version="1.0" encoding="UTF-8"?>
<beans
	xmlns="http://www.springframework.org/schema/beans"
	xmlns:xsi="http://www.w3.org/2001/XMLSchema-instance"
	xmlns:p="http://www.springframework.org/schema/p"
	xsi:schemaLocation="http://www.springframework.org/schema/beans http://www.springframework.org/schema/beans/spring-beans-3.1.xsd">

    <bean id="date" class="java.util.Date"></bean>
    <bean id="myapplistener" class="tests.SchoolApplicationListener"/>  
    <bean id="s01"  class="bean.Schoolstudent">
       <property name="sname" value="黎明"></property>
       <property name="ssex" value="男"></property>
       <property name="sphone" value="120"></property>
    </bean>
    <bean id="s02"  class="bean.Schoolstudent">
       <property name="sname" value="黄昏"></property>
       <property name="ssex" value="女"></property>
       <property name="sphone" value="110"></property>
    </bean>
   
   <bean id="partys" class="bean.schoolParty">
   
     <constructor-arg index="0">
       <ref bean="date"/>
     </constructor-arg>
     <constructor-arg index="1">
       <value>2018校友聚会</value>
     </constructor-arg>
     <property name="members" >
       <list>
         <ref bean="s01"/>
         <ref bean="s02"/>
       </list>
     
     </property>
   </bean>
   
  
   
</beans>