<?xml version="1.0" encoding="UTF-8"?>
<beans
	xmlns="http://www.springframework.org/schema/beans"
	xmlns:xsi="http://www.w3.org/2001/XMLSchema-instance"
	xmlns:p="http://www.springframework.org/schema/p"
	xsi:schemaLocation="http://www.springframework.org/schema/beans http://www.springframework.org/schema/beans/spring-beans-3.1.xsd">


    <!-- 数据源定义 -->
    <bean id="ds" class="org.springframework.jdbc.datasource.DriverManagerDataSource">
      <property name="driverClassName" value="oracle.jdbc.OracleDriver"/>
      <property name="url" value="jdbc:oracle:thin:@localhost:1521:orcl"/>
      <property name="username" value="scott"/>
      <property name="password" value="tiger"/> 
    </bean>
    
     <!-- 会话工厂定义 -->
	<bean id="sessionFactory" class="org.springframework.orm.hibernate3.LocalSessionFactoryBean">
	    <!-- 注入前面定义的数据源组件ds -->
		<property name="dataSource">
			<ref bean="ds" />
		</property>
		<!-- hibernateProperties属性注入hibernate发言以及其他特性有关信息 -->
		<property name="hibernateProperties">
			<props>
			   <prop key="hibernate.dialect">org.hibernate.dialect.OracleDialect</prop>
			</props>
		</property>
		<!-- mappingResources属性注入多个映射文件  -->
		<property name="mappingResources">
		    <list>

		    <value>/bean/Student.hbm.xml</value></list>
		</property>
	</bean>
	<!-- IBeandao组件定义 -->
	<bean id="ibeandao" class="dao.ImpBeandao">
	  <property name="sessionFactory" ref="sessionFactory"></property>
	
	</bean>
	

	
</beans>