<?xml version="1.0" encoding="UTF-8"?>
<beans
	xmlns="http://www.springframework.org/schema/beans"
	xmlns:xsi="http://www.w3.org/2001/XMLSchema-instance"
	xmlns:p="http://www.springframework.org/schema/p"
	xsi:schemaLocation="http://www.springframework.org/schema/beans http://www.springframework.org/schema/beans/spring-beans-3.1.xsd">

    <!-- 会话工厂定义 --> 
	<bean id="sessionFactory"
		class="org.springframework.orm.hibernate3.LocalSessionFactoryBean">	
		<!-- 注入连接池对象 -->
        <property name="dataSource" ref="ds"></property>
         <!-- hibernate常用配置 -->
        <property name="hibernateProperties">
            <props>
                <prop key="hibernate.dialect">org.hibernate.dialect.SQLServerDialect</prop>
                <prop key="hibernate.show_sql">true</prop>
            </props>
        </property>
         <!-- hibernate映射配置 -->
        <property name="mappingResources">
            <list>
              <value>com/qhit/pojo/Student.hbm.xml</value></list>
        </property>
	</bean>
	
	<!-- 数据源定义 -->
	<bean id="ds"
	       class="org.springframework.jdbc.datasource.DriverManagerDataSource">
	      <property name="driverClassName" value="com.microsoft.sqlserver.jdbc.SQLServerDriver"/>
	      <property name="url" value="jdbc:sqlserver://localhost:1433;DatabaseName=spring "/>
	      <property name="username" value="sa"/>
	      <property name="password" value="123456"/>
	</bean>
	
	<!--BaseDao组件定义 -->
	<bean id="basedao" class="com.qhit.dao.BaseDaoImpl">
	     <property name="sessionFactory" ref="sessionFactory"/>
	</bean>
	</beans>