<?xml version="1.0" encoding="UTF-8" ?>
<!DOCTYPE struts PUBLIC "-//Apache Software Foundation//DTD Struts Configuration 2.1//EN" "http://struts.apache.org/dtds/struts-2.1.dtd">
<struts>
     <package name="stumanager" extends="struts-default">
        <action name="stu" class="com.qhit.action.StuAction">
          <result name="list">/index.jsp</result>
          <result name="tolist" type="redirectAction">stu!list</result>
          <result name="li">/index.jsp</result>
        </action>
     </package>
	 </struts>    
