<?xml version="1.0" encoding="UTF-8"?>
<!DOCTYPE sqlMap SYSTEM "http://ibatis.apache.org/dtd/sql-map-2.dtd">
<sqlMap>

	<typeAlias alias="emp" type="pojo.Emp"></typeAlias>
	<!-- 查询标签 -->
	<select id="queryEmp" resultClass="emp">
		select * from emp;
	</select>
	<!-- 修改标签 -->
	<update id="updateEmp" parameterClass="emp">
	update emp set ename=#ename#,pwd=#pwd#,birthday=#birthday#,did=#did# where eid=#eid#;
	</update>
	
	<!-- 添加标签 -->
	<insert id="insertEmp" parameterClass="emp">
	insert into emp values(#ename#,#pwd#,#birthday#,#did#);
	</insert>
	
	<!-- 删除标签 -->
	<delete id="deleteEmp" parameterClass="java.lang.Integer">
	delete from emp where eid=#eid#;
	</delete>
	
	<!-- 更新前查询 -->
	<select id="selectById" parameterClass="java.lang.Integer">
	select * from emp where eid=#eid#;
	</select>
	
</sqlMap>