<?xml version="1.0" encoding="UTF-8"?>
<!DOCTYPE struts PUBLIC
	"-//Apache Software Foundation//DTD Struts Configuration 2.3//EN"
	"http://struts.apache.org/dtds/struts-2.3.dtd">

    <struts>
    	<package name="default"  extends="struts-default">
    		<action name="student" class="action.StudentAction" >
        		<result name="tolist"  type="redirectAction">student!list</result> 
        		<result name="list">/list.jsp</result> 
        		<result name="toupdate">/update.jsp</result> 
    		</action>
    	</package>
    </struts>

