<?xml version="1.0" encoding="UTF-8"?>
<beans
	xmlns="http://www.springframework.org/schema/beans"
	xmlns:xsi="http://www.w3.org/2001/XMLSchema-instance"
	xmlns:p="http://www.springframework.org/schema/p"
	xsi:schemaLocation="http://www.springframework.org/schema/beans http://www.springframework.org/schema/beans/spring-beans-3.1.xsd">


	<!-- start数据源 -->
	<bean id="ds" class="org.springframework.jdbc.datasource.DriverManagerDataSource">
	 <property name="driverClassName" value="oracle.jdbc.driver.OracleDriver" />	 
	 <property name="url"  value="jdbc:oracle:thin:@localhost:1521:orcl" />
	 <property name="username" value="scott" />
	 <property name="password"  value="tiger" />
	</bean>
	<!-- end数据源-->
	
	
	<!-- start sessionFactory-->
	<bean id="sessionFactory" class="org.springframework.orm.hibernate3.LocalSessionFactoryBean" >
		<property name="dataSource">
			<ref bean="ds" />
		</property>
		<property name="hibernateProperties">
			<props>
				<prop key="hibernate.dialect">org.hibernate.dialect.Oracle9Dialect</prop>
				<prop key="hibernate.show_sql">true</prop>
			</props>
		</property>

		<property name="mappingResources">
			<list>
				<value>com/qhit/Bean/Student.hbm.xml</value>
			</list>
		</property>	
		</bean>
	<!-- end sessionFactory-->
	
	<!-- start -->
		<bean id="bdao" class="com.qhit.DaoImpl.baseDaoImpl">
			<property name="sessionFactory">
				<ref bean="sessionFactory"/>
			</property>	
		</bean>
	<!-- end -->
	</beans>