<?xml version="1.0" encoding="utf-8"?>
<!DOCTYPE hibernate-mapping PUBLIC "-//Hibernate/Hibernate Mapping DTD 3.0//EN"
"http://www.hibernate.org/dtd/hibernate-mapping-3.0.dtd">
<!-- 
    Mapping file autogenerated by MyEclipse Persistence Tools
-->
<hibernate-mapping>
    <class name="com.qhit.bean.Ustudent" table="ustudent" schema="dbo" catalog="users">
        <id name="uid" type="java.lang.Integer">
            <column name="uid" />
            <generator class="native"></generator>
        </id>
        <property name="uname" type="java.lang.String">
            <column name="uname" length="50" />
        </property>
        <property name="upwd" type="java.lang.String">
            <column name="upwd" length="50" />
        </property>
        <property name="usex" type="java.lang.String">
            <column name="usex" length="50" />
        </property>
        <property name="uage" type="java.lang.String">
            <column name="uage" length="50" />
        </property>
        <property name="uadress" type="java.lang.String">
            <column name="uadress" length="50" />
        </property>
    </class>
</hibernate-mapping>
