<?xml version="1.0" encoding="utf-8"?>
<!DOCTYPE hibernate-mapping PUBLIC "-//Hibernate/Hibernate Mapping DTD 3.0//EN"
"http://hibernate.sourceforge.net/hibernate-mapping-3.0.dtd">
<!-- 
    Mapping file autogenerated by MyEclipse Persistence Tools
-->
<hibernate-mapping>
    <class name="com.ezui.pojo.Login" table="login" schema="dbo" catalog="ceshi">
        <id name="id" type="java.lang.Integer">
            <column name="id" />
            <generator class="native" />
        </id>
        <property name="name" type="java.lang.String">
            <column name="name" length="20" not-null="true" />
        </property>
        <property name="pwd" type="java.lang.String">
            <column name="pwd" length="20" not-null="true" />
        </property>
        <property name="sex" type="java.lang.String">
            <column name="sex" length="2" not-null="true" />
        </property>
        <property name="age" type="java.lang.Integer">
            <column name="age" not-null="true" />
        </property>
        <property name="phone" type="java.lang.String">
            <column name="phone" length="15" not-null="true" />
        </property>
        <property name="adress" type="java.lang.String">
            <column name="adress" length="50" not-null="true" />
        </property>
    </class>
</hibernate-mapping>
