<?xml version="1.0" encoding="UTF-8"?>
<beans
	xmlns="http://www.springframework.org/schema/beans"
	xmlns:xsi="http://www.w3.org/2001/XMLSchema-instance"
	xmlns:p="http://www.springframework.org/schema/p"
	xsi:schemaLocation="http://www.springframework.org/schema/beans http://www.springframework.org/schema/beans/spring-beans-3.1.xsd">

	<bean id="birthday" class="java.util.Date"></bean>
	<bean id="hellobean" class="com.test.vo.HelloBean">
		<constructor-arg index="0">
			<value>hello,jack</value>
		</constructor-arg>
		<constructor-arg index="1">
			<ref bean="birthday"/>
		</constructor-arg>
	</bean>
	
	<bean id="hello2" class="com.test.vo.Hello2" >
		<property name="hello" value="hello,world"></property>
		<property name="birthday" ref="birthday"></property>
	</bean>
	
	<bean id="p01" class="com.test.vo.Person">
		<property name="name" value="张三"></property>
		<property name="sex" value="男"></property>
		<property name="phone" value="1234567"></property>
	</bean>
	<bean id="p02" class="com.test.vo.Person">
		<property name="name" value="王五"></property>
		<property name="sex" value="男"></property>
		<property name="phone" value="1111111"></property>
	</bean>
	<bean id="p03" class="com.test.vo.Person">
		<property name="name" value="李华"></property>
		<property name="sex" value="女"></property>
		<property name="phone" value="6668888"></property>
	</bean>
	
	<bean id="party" class="com.test.vo.Party">
		<constructor-arg index="0"><value>张家界</value></constructor-arg>
		<property name="members">
			<list>
				<ref bean="p01"/>
				<ref bean="p02"/>
				<ref bean="p03"/>
			</list>
		</property>
	</bean>

	<bean id="applistener" class="com.test.action.HelloAppListener"></bean>

</beans>