<?xml version="1.0" encoding="UTF-8"?>
<beans
	xmlns="http://www.springframework.org/schema/beans"
	xmlns:xsi="http://www.w3.org/2001/XMLSchema-instance"
	xmlns:p="http://www.springframework.org/schema/p"
	xsi:schemaLocation="http://www.springframework.org/schema/beans http://www.springframework.org/schema/beans/spring-beans-3.1.xsd">


	<bean id="dataSource"
		class="org.apache.commons.dbcp.BasicDataSource">
		<property name="url"
			value="jdbc:oracle:thin:@localhost:1521:orcl">
		</property>
		<property name="username" value="scott"></property>
		<property name="password" value="123456"></property>
	</bean>
	<bean id="sessionFactory"
		class="org.springframework.orm.hibernate3.annotation.AnnotationSessionFactoryBean">
		<property name="dataSource">
			<ref bean="dataSource" />
		</property>
		<property name="hibernateProperties">
			<props>
				<prop key="hibernate.dialect">
					org.hibernate.dialect.Oracle10gDialect
				</prop>
				<prop key="hibernate.show_sql">true</prop>
			</props>
		</property>
		<property name="mappingResources">
			<list>
				<value>com/test/bean/Login.hbm.xml</value></list>
		</property></bean>
	
		
		<!-- Dao层整合 -->
		<bean id="bdao" class="com.test.dao.BaseDaoImp">
			<property name="sessionFactory">
				<ref bean="sessionFactory"/>
			</property>	
		</bean>
	
	</beans>