<?xml version="1.0" encoding="utf-8"?>
<!DOCTYPE hibernate-mapping PUBLIC "-//Hibernate/Hibernate Mapping DTD 3.0//EN"
"http://hibernate.sourceforge.net/hibernate-mapping-3.0.dtd">
<!-- 
    Mapping file autogenerated by MyEclipse Persistence Tools
-->
<hibernate-mapping>
    <class name="com.beans.Mess" table="Mess" schema="dbo" catalog="messStu">
        <id name="id" type="java.lang.Integer">
            <column name="id" />
            <generator class="native" />
        </id>
        <property name="username" type="java.lang.String">
            <column name="username" length="20" />
        </property>
        <property name="sex" type="java.lang.String">
            <column name="sex" length="2" />
        </property>
        <property name="email" type="java.lang.String">
            <column name="email" length="30" />
        </property>
        <property name="phone" type="java.lang.String">
            <column name="phone" length="20" />
        </property>
    </class>
</hibernate-mapping>
