<?xml version="1.0" encoding="UTF-8"?>
<beans
	xmlns="http://www.springframework.org/schema/beans"
	xmlns:xsi="http://www.w3.org/2001/XMLSchema-instance"
	xmlns:p="http://www.springframework.org/schema/p"
	xsi:schemaLocation="http://www.springframework.org/schema/beans http://www.springframework.org/schema/beans/spring-beans-3.1.xsd">
  
   
   <bean id="now" class="java.util.Date"> </bean>
   <bean id="s" class="com.text.s1">
    <constructor-arg index="0">
      <value>hello,ss</value>
    </constructor-arg>
    <constructor-arg>
    <ref bean="now"/>
    </constructor-arg>
  
   </bean>
   
   <bean id="s1" class="com.text.person">
     <property name="name" value="小三"></property>
     <property name="sex" value="男"></property>
     <property name="phone" value="111"></property>
   </bean>
   <bean id="s2" class="com.text.person">
     <property name="name" value="小白"></property>
     <property name="sex" value="男"></property>
     <property name="phone" value="222"></property>
   </bean>
   <bean id="s3" class="com.text.person">
     <property name="name" value="小雅"></property>
     <property name="sex" value="女"></property>
     <property name="phone" value="333"></property>
   </bean>
   
   
   <bean id="par" class="com.text.Party">
      <constructor-arg index="0">
        <value>同学聚会</value>
      </constructor-arg>
      <property name="num">
      <list>
      <ref bean="s1"/>
      <ref bean="s2"/>
      <ref bean="s3"/>
      </list>
      </property>
   </bean>
   
   <bean id="mylistenter" class="com.text.hellolistenter"></bean>
</beans>