<?xml version="1.0" encoding="utf-8"?>
<!DOCTYPE hibernate-mapping PUBLIC "-//Hibernate/Hibernate Mapping DTD 3.0//EN"
"http://hibernate.sourceforge.net/hibernate-mapping-3.0.dtd">
<!-- 
    Mapping file autogenerated by MyEclipse Persistence Tools
-->
<hibernate-mapping>
    <class name="bean.Student" table="student" schema="dbo" catalog="userManager">
        <id name="sid" type="java.lang.Integer">
            <column name="sid" />
            <generator class="native"></generator>
        </id>
        <property name="sname" type="java.lang.String">
            <column name="sname" length="50" />
        </property>
        <property name="ssex" type="java.lang.String">
            <column name="ssex" length="50" />
        </property>
        <property name="pwd" type="java.lang.String">
            <column name="pwd" length="50" />
        </property>
        <property name="sbirthday" type="java.lang.String">
            <column name="sbirthday" length="50" />
        </property>
        <property name="toschooltime" type="java.lang.String">
            <column name="toschooltime" length="50" />
        </property>
        <property name="hobbies" type="java.lang.String">
            <column name="hobbies" length="50" />
        </property>
        <property name="phone" type="java.lang.String">
            <column name="phone" length="50" />
        </property>
        <property name="did" type="java.lang.Integer">
            <column name="did"/>
        </property>
        
        <many-to-one name="dept" class="bean.Dept" column="did" insert="false" update="false" lazy="false"></many-to-one>
    </class>
</hibernate-mapping>
