<?xml version="1.0" encoding="utf-8"?>
<!DOCTYPE hibernate-mapping PUBLIC "-//Hibernate/Hibernate Mapping DTD 3.0//EN"
"http://hibernate.sourceforge.net/hibernate-mapping-3.0.dtd">
<!-- 
    Mapping file autogenerated by MyEclipse Persistence Tools
-->
<hibernate-mapping>
    <class name="com.action.Zc" table="zc" schema="dbo" catalog="scool">
        <id name="id" type="java.lang.Integer">
            <column name="id" />
            <generator class="native" />
        </id>
        <property name="name" type="java.lang.String">
            <column name="name" />
        </property>
        <property name="password" type="java.lang.String">
            <column name="password" />
        </property>
        <property name="sex" type="java.lang.String">
            <column name="sex" length="2" />
        </property>
        <property name="age" type="java.lang.Integer">
            <column name="age" />
        </property>
        <property name="dh" type="java.lang.String">
            <column name="dh" />
        </property>
        <property name="dz" type="java.lang.String">
            <column name="dz" />
        </property>
    </class>
</hibernate-mapping>
