<root>
  <facet id="jst.web.jstl"/>
  <facet id="java"/>
  <facet id="me.hibernate"/>
  <facet id="jst.web"/>
  <facet id="wst.jsdt.web"/>
  <facet id="me.spring">
    <node name="libprov">
      <attribute name="config-id" value="me.spring_3.1"/>
      <attribute name="copy-tlds" value="true"/>
      <attribute name="nested-config-me.spring_3.1-security" value="none"/>
      <attribute name="nested-config-me.spring_3.1-webflow" value="none"/>
      <attribute name="provider-id" value="me-spring-library-provider"/>
      <attribute name="version-id" value="3.1"/>
    </node>
  </facet>
</root>
