<?xml version="1.0" encoding="UTF-8"?>
<beans
	xmlns="http://www.springframework.org/schema/beans"
	xmlns:xsi="http://www.w3.org/2001/XMLSchema-instance"
	xmlns:p="http://www.springframework.org/schema/p"
	xsi:schemaLocation="http://www.springframework.org/schema/beans http://www.springframework.org/schema/beans/spring-beans-3.1.xsd">

<bean id="now" class="java.util.Date"></bean>
 <bean id="test" class="com.test.Test" scope="singleton">
  <constructor-arg index="0">
    <value>小三</value>
  </constructor-arg>
  <constructor-arg index="1">
    <ref bean="now"/>
  </constructor-arg>
</bean>

<bean id="test1" class="com.test.Test1">
   <property name="name" value="小四"></property>
   <property name="date" ref="now"></property>
</bean>


<bean id="book1" class="com.test.Book">
   <property name="name" value="小二"></property>
   <property name="qian"><value>22</value></property> 
</bean>

<bean id="book2" class="com.test.Book">
   <property name="name" value="小三"></property>
   <property name="qian" ><value>21</value></property> 
</bean>

<bean id="book3" class="com.test.Book">
   <property name="name" value="小四"></property>
   <property name="qian"><value>2.1</value></property> 
</bean>

<bean id ="book" class="com.test.B">
<property name="name">
   <list>
      <value>小二</value>
      <value>小三</value>
      <value>小四</value>
   </list>
</property>

<property name="list">
   <list>
      <ref bean="book1"/>
      <ref bean="book2"/>
      <ref bean="book3"/>
   </list>
</property>


<property name="map">
  <map>
    <entry key="bk1">
       <ref bean="book1"/>
    </entry>
     <entry key="bk2">
       <ref bean="book2"/>
    </entry>
     <entry key="bk3">
       <ref bean="book3"/>
    </entry>
  </map>
</property>
</bean>

	
	
	<bean id="l" class="com.test.xiaoyou.Lication_L"></bean>



<bean id="s1" class="com.test.xiaoyou.XiaoYou">
   <property name="name" value="小二"></property>
   <property name="tel"><value>222222111122</value></property> 
   <property name="add"><value>河南</value></property>
</bean>

<bean id="s2" class="com.test.xiaoyou.XiaoYou">
   <property name="name" value="小三"></property>
   <property name="tel"><value>222333222221</value></property> 
   <property name="add"><value>河北</value></property> 
</bean>

<bean id="s3" class="com.test.xiaoyou.XiaoYou">
   <property name="name" value="小四"></property>
   <property name="tel"><value>222222222222</value></property> 
   <property name="add"><value>湖南</value></property>
</bean>

<bean id="j" class="com.test.xiaoyou.JuHui">
  <property name="name">
   <list>
      <ref bean="s1"/>
      <ref bean="s2"/>
      <ref bean="s3"/>
   </list>
</property>

<property name="date"><ref bean="now"/></property>
<property name="add"><value>紫禁城</value></property>
</bean>






</beans>