<?xml version="1.0" encoding="UTF-8"?>
<!DOCTYPE sqlMap SYSTEM "http://ibatis.apache.org/dtd/sql-map-2.dtd" >
<sqlMap>
<!-- 给POJO类定义短描述(或别名) -->
<typeAlias alias="login" type="com.tsing.pojo.Login"/>
<!-- 查询标签 -->
<select id="queryEmployee" resultClass="login">
	select * from login
</select>
<!-- 修改标签 -->
<update id="updateEmployee" parameterClass="login">
	update login set name=#name#,password=#password# where id=#id#
</update>
<!-- 添加标签 -->
<insert id="insertEmployee" parameterClass="login">
	insert into login values(#id#,#name#,#password#)
</insert>
<!-- 删除标签 -->
<delete id="deleteEmployee" parameterClass="java.lang.Integer">
		delete from login where id=#value#
</delete>

<!-- 根据id查询数据 -->
<select id="QuerylogById" resultClass="login" parameterClass="java.lang.Integer">
select * from login where id=#value#

</select>

</sqlMap>
