<?xml version="1.0" encoding="UTF-8"?>
<beans
	xmlns="http://www.springframework.org/schema/beans"
	xmlns:xsi="http://www.w3.org/2001/XMLSchema-instance"
	xmlns:p="http://www.springframework.org/schema/p"
	xsi:schemaLocation="http://www.springframework.org/schema/beans http://www.springframework.org/schema/beans/spring-beans-3.1.xsd">

<bean id = "p01" class="bean.SchoolFriend">
  <property name="sfname" value="熊大"></property>
  <property name="sfsex" value="公"></property>
  <property name="sfphone" value="123456"></property>
</bean>

<bean id = "p02" class="bean.SchoolFriend">
  <property name="sfname" value="赵二"></property>
  <property name="sfsex" value="男"></property>
  <property name="sfphone" value="789456"></property>
</bean>

<bean id = "p03" class="bean.SchoolFriend">
  <property name="sfname" value="犹三"></property>
  <property name="sfsex" value="女"></property>
  <property name="sfphone" value="753951"></property>
</bean>
<bean id = "par" class="bean.Party">

  <constructor-arg index="0">
     <value>2016级校友聚会</value>
  </constructor-arg>
  
  <property name="members">
   <list>
     <ref bean="p01"/>
     <ref bean="p02"/>
     <ref bean="p03"/>
   </list>
  </property>
</bean>
<bean id = "asdf" class="lister.ScListener"></bean>
</beans>