<?xml version="1.0" encoding="UTF-8"?>
<beans
	xmlns="http://www.springframework.org/schema/beans"
	xmlns:xsi="http://www.w3.org/2001/XMLSchema-instance"
	xmlns:p="http://www.springframework.org/schema/p"
	xsi:schemaLocation="http://www.springframework.org/schema/beans http://www.springframework.org/schema/beans/spring-beans-2.5.xsd">

    <bean id="now" class="java.util.Date"></bean>
    

    <bean id="hello" class="bean.HelloSpring">
          <constructor-arg index="0">
               <value>hello!</value>
          </constructor-arg>
          <constructor-arg index="1">
               <ref bean="now"/>
          </constructor-arg>
    </bean>
    <bean id="helloBean2" class="bean.HelloSpring2" autowire="byType">
           <property name="hello" value="hello！你好"></property>
           
    </bean>
   <!-- 多个属性注入 --> 
    <bean id="book1" class="bean.Book">
           <property name="book" value="jsp"></property>
           <property name="price" value="2.0"></property>
    </bean>
    <bean id="book2" class="bean.Book">
           <property name="book" value="html"></property>
           <property name="price" value="2.1"></property>
    </bean>
    <bean id="book3" class="bean.Book">
           <property name="book" value="c"></property>
           <property name="price" value="2.2"></property>
    </bean>
    
    <bean id="helloBean3" class="bean.HelloSpring3">
           <property name="bookNames">
               <list>
                     <value>jsp</value>
                     <value>html</value>
                     <value>c</value>
               </list>
           </property>
           <property name="booklist">
               <list>
                     <ref bean="book1"/>
                     <ref bean="book2"/>
                     <ref bean="book3"/>
               </list>
           </property>
           <property name="bookMap">
               <map>
                     <entry key="books1">
                         <ref bean="book1"/>
                     </entry>
                     <entry key="books2">
                         <ref bean="book2"/>
                     </entry>
                     <entry key="books3">
                         <ref bean="book3"/>
                     </entry>
               </map>
           </property>
    </bean>
    
    <!-- 5.1 -->
    <bean id="person1" class="bean.Person">
            <property name="name" value="张三"></property>
            <property name="sex" value="男"></property>
            <property name="phone" value="123456"></property>
    </bean>
    <bean id="person2" class="bean.Person">
            <property name="name" value="李四"></property>
            <property name="sex" value="男"></property>
            <property name="phone" value="123456789"></property>
    </bean>
    <bean id="person3" class="bean.Person">
            <property name="name" value="王五"></property>
            <property name="sex" value="男"></property>
            <property name="phone" value="123456"></property>
    </bean>
    
    <bean id="date" class="java.util.Date"></bean>
    <bean id="party"  class="bean.Party">
    
            <constructor-arg index="0">
                   <value>2018校友聚会</value>
            </constructor-arg>
            <constructor-arg index="1">
                   <ref bean="date"/>
            </constructor-arg>
            <property name="members">
              <list>
                   <ref bean="person1"/>
                   <ref bean="person2"/>
                   <ref bean="person3"/>
              </list>
            </property>
    </bean>
</beans>