<?xml version="1.0" encoding="UTF-8"?>
<beans
	xmlns="http://www.springframework.org/schema/beans"
	xmlns:xsi="http://www.w3.org/2001/XMLSchema-instance"
	xmlns:p="http://www.springframework.org/schema/p"
	xsi:schemaLocation="http://www.springframework.org/schema/beans http://www.springframework.org/schema/beans/spring-beans-3.1.xsd">
	

    <bean id="day" class="java.util.Date"></bean>
    
    <bean id="p01" class="bean.Person">
      <property name="name" value="张三"></property>
      <property name="sex" value="男"></property>
      <property name="phone" value="1111111"></property>
    </bean>
    
    <bean id="p02" class="bean.Person">
      <property name="name" value="李四"></property>
      <property name="sex" value="男"></property>
      <property name="phone" value="2222222"></property>
    </bean>
    
    <bean id="p03" class="bean.Person">
      <property name="name" value="小红"></property>
      <property name="sex" value="女"></property>
      <property name="phone" value="3333333"></property>
    </bean>
    
    <bean id="jtq" class="bean.jtq"></bean>
    
    <bean id="party" class="bean.Party">
      <property name="members">
       <list>
        <ref bean="p01"/>
        <ref bean="p02"/>
        <ref bean="p03"/>
       </list>
      </property>
    </bean>
</beans>


