<?xml version="1.0" encoding="UTF-8"?>
<beans
	xmlns="http://www.springframework.org/schema/beans"
	xmlns:xsi="http://www.w3.org/2001/XMLSchema-instance"
	xmlns:p="http://www.springframework.org/schema/p"
	xsi:schemaLocation="http://www.springframework.org/schema/beans http://www.springframework.org/schema/beans/spring-beans-3.1.xsd">
    
    <bean id="p01" class="com.qhit.bean.Person">
     <property name="name" value="林林"></property>
     <property name="sex" value="男"></property>
     <property name="phone" value="123456"></property>
    </bean>
    
    <bean id="p02" class="com.qhit.bean.Person">
     <property name="name" value="小黑"></property>
     <property name="sex" value="男"></property>
     <property name="phone" value="123456"></property>
    </bean>
    
    <bean id="party" class="com.qhit.bean.Party">
     	<constructor-arg index="0">		
     	 <value>2025炮友聚会</value>
     	</constructor-arg>
     	<property name="members">
     	 <list>
     	  <ref bean="p01"/>
     	  <ref bean="p02"/>
     	 </list>
     	</property>
     	
    </bean>
    <bean id="myapplistener" class="com.qhit.bean.HelloAppListener"></bean>

    <bean id="sessionFactory"
    	class="org.springframework.orm.hibernate3.LocalSessionFactoryBean">
    </bean></beans>