<?xml version="1.0" encoding="UTF-8" ?>
<!DOCTYPE struts PUBLIC
	"-//Apache Software Foundation//DTD Struts Configuration 2.3//EN"
	"http://struts.apache.org/dtds/struts-2.3.dtd">

<struts>
    <package name="default" namespace="/" extends="struts-default">
		<action name="userAction" class="action.UserAction">
			<result name="ccc">/index.jsp</result>
			<result name="tianjia" type="redirectAction">userAction!chaxun</result>
			<result name="shanchu" type="redirectAction">userAction!chaxun</result>
		</action>
    </package>
</struts>
