<?xml version="1.0" encoding="UTF-8"?>
<beans
	xmlns="http://www.springframework.org/schema/beans"
	xmlns:xsi="http://www.w3.org/2001/XMLSchema-instance"
	xmlns:p="http://www.springframework.org/schema/p"
	xsi:schemaLocation="http://www.springframework.org/schema/beans http://www.springframework.org/schema/beans/spring-beans-3.1.xsd">
<bean id="user" class="com.qhit.pojo.user">
   <constructor-arg index="0">
   <value>小明</value>
   </constructor-arg>
<constructor-arg index="1">
   <value>19875642564</value>
   </constructor-arg>
<constructor-arg index="2">
   <value>男</value>
   </constructor-arg>
</bean>
<!--  -->
<bean id="day" class="java.util.Date"></bean>
<bean id="party" class="com.qhit.pojo.party">
  <constructor-arg index="0">
    <value>恒河大酒店</value>
  </constructor-arg>
  <constructor-arg index="1">
  <ref bean="day"/>
  </constructor-arg>
</bean>
<!-- list集合  -->
<bean id="users" class="com.qhit.pojo.users">
  <property name="ass">
  <list>
  <value>小明</value>
  <value>小天</value>
  </list>
  </property>
<property name="list">
<list>
<ref bean="users"/>
</list>
</property>

</bean>
</beans>