<?xml version="1.0" encoding="UTF-8"?>
   <!DOCTYPE struts PUBLIC
	"-//Apache Software Foundation//DTD Struts Configuration 2.1//EN"
	"http://struts.apache.org/dtds/struts-2.1.dtd">
	
	<struts>
	<package name="easyUI" extends="struts-default">
		 <action name="save_*" class="com.action.UIAction" method="{1}">
		  <result name="mesg">/easyUI.jsp</result> 
		  <result name="all" type="redirectAction">save_all</result> 
		  <result name="list">/easyUI.jsp</result> 
		  </action>
		  <action name="update_*" class="com.action.UIAction" method="{1}">
		  <result name="mesg">/easyUI.jsp</result> 
		  <result name="allmess" type="redirectAction">update_allmess</result> 
		  <result name="listmess">/easyUI.jsp</result> 
		  <result name="erro">/erro.jsp</result> 
		  </action>
    </package>
	
		
	</struts>