<?xml version="1.0" encoding="UTF-8"?>
<beans xmlns="http://www.springframework.org/schema/beans"
    xmlns:xsi="http://www.w3.org/2001/XMLSchema-instance"
    xmlns:context="http://www.springframework.org/schema/context"
    xmlns:mvc="http://www.springframework.org/schema/mvc"
    xsi:schemaLocation="http://www.springframework.org/schema/beans http://www.springframework.org/schema/beans/spring-beans.xsd
        http://www.springframework.org/schema/context http://www.springframework.org/schema/context/spring-context-4.0.xsd
        http://www.springframework.org/schema/mvc http://www.springframework.org/schema/mvc/spring-mvc-4.0.xsd">


        <bean id="ulogin" class="com.test.action.LoginAction">
           <property name="bdao">
               <ref bean="bdao"/>
            </property>
        </bean>
        
        <bean id="loginMapping" class="org.springframework.web.servlet.handler.SimpleUrlHandlerMapping">
           <property name="mappings">
              <props>
                 <prop key="/ulogin.sw">ulogin</prop>
              </props>
           </property>
        </bean>
        
        
            <!-- 配置视图解析器 如何把handler 方法返回值解析为实际的物理视图 -->
        <bean class="org.springframework.web.servlet.view.InternalResourceViewResolver">
            <property name="suffix" value = ".jsp"></property>
        </bean>
</beans>