<?xml version="1.0" encoding="UTF-8"?>
<beans
	xmlns="http://www.springframework.org/schema/beans"
	xmlns:xsi="http://www.w3.org/2001/XMLSchema-instance"
	xmlns:p="http://www.springframework.org/schema/p"
	xsi:schemaLocation="http://www.springframework.org/schema/beans http://www.springframework.org/schema/beans/spring-beans-3.1.xsd">



<!-- 配置dao组件 -->
	<bean id="dao" class="com.test.dao.BaseDaoImp"></bean>
	
	<!-- 配置增强的advice组件 -->
	<bean id="logbefore" class="com.test.advice.LogBeaforAdvice"></bean>
	<bean id="logafter" class="com.test.advice.LogAfterAdvice"></bean>
	<bean id="logaround" class="com.test.advice.LogAroundAdvice"></bean>
	<bean id="daili" class="com.test.daili.DaiLi"></bean>
	
	<!-- 对dao组建添加aop的横切方法
	在beanproxy中需要指定：
	proxyInterfaces 代理类及目标对象要实现的接口：
	target 指定目标对象：
	interceptorNames 植入增强的advice:
	
	
	 -->
	
	<bean id="beanproxy" class="org.springframework.aop.framework.ProxyFactoryBean">
		<property name="proxyInterfaces" value="com.test.dao.IBaseDao"/>
		<property name="target" ref="dao"></property>
		<property name="interceptorNames">
			<list>
				<value>daili</value>
			</list>
		</property>
	</bean>

</beans>