<?xml version="1.0" encoding="UTF-8" ?>
<!DOCTYPE struts PUBLIC "-//Apache Software Foundation//DTD Struts Configuration 2.1//EN" "http://struts.apache.org/dtds/struts-2.1.dtd">
<struts>
     <constant name="struts.devMode" value="true"></constant>
	<package name="struts" extends="struts-default,json-default" >
		<action name="UserAction" class="com.qhit.action.UserAction" >
			<result name="ulist" type="json">
			   <param name="root">userlist</param>
			  </result>
			  <result name="tu" type="redirectAction">
			  <param name="root" >UserAction!stulist</param>
			  </result>
			  <result name="dstu" type="json">
			  <param name="root" >userlist</param>
			  </result>
			  <result name="up" type="json">
			   <param name="root" >userlist</param>
			  </result>
		</action>
	</package>
</struts>    
