<?xml version="1.0" encoding="utf-8"?>
<!DOCTYPE hibernate-mapping PUBLIC "-//Hibernate/Hibernate Mapping DTD 3.0//EN"
"http://hibernate.sourceforge.net/hibernate-mapping-3.0.dtd">
<!-- 
    Mapping file autogenerated by MyEclipse Persistence Tools
-->
<hibernate-mapping>
    <class name="bean.Student" table="STUDENT" schema="SCOTT">
        <id name="sno" type="java.lang.String">
            <column name="SNO" length="10" />
            <generator class="sequence">
                <param name="sequence">student_seq</param>
            </generator>
        </id>
        <property name="sname" type="java.lang.String">
            <column name="SNAME" length="20" />
        </property>
        <property name="sage" type="java.lang.Integer">
            <column name="SAGE" precision="2" scale="0" />
        </property>
        <property name="ssex" type="java.lang.String">
            <column name="SSEX" length="5" />
        </property>
    </class>
</hibernate-mapping>
