<?xml version="1.0" encoding="UTF-8" standalone="no"?>
<!DOCTYPE sqlMapConfig SYSTEM "http://www.ibatis.com/dtd/sql-map-config-2.dtd">
<sqlMapConfig>
	<properties resource="database.properties" />	
	<!-- 设置属性 -->
	<settings cacheModelsEnabled="true" 
		enhancementEnabled="true"
		lazyLoadingEnabled="true"
		 useStatementNamespaces="true"
		maxSessions="64" maxTransactions="8" maxRequests="128" />
		
	<transactionManager type="JDBC" commitRequired="false">
		<dataSource type="SIMPLE">
			<property name="JDBC.Driver" value="${driverClass}" />
			<property name="JDBC.ConnectionURL"
				value="${ConnectonURL}" />
			<property name="JDBC.Username" value="${username}" />
			<property name="JDBC.Password" value="${password}" />
		</dataSource>
	</transactionManager>
	<!-- List the SQL Map XML files. They can be loaded from the 
		classpath, as they are here (com.domain.data...) -->
	<!--  -->
	<sqlMap resource="com/tsing/pojo/emp.xml" />
	<sqlMap resource="com/tsing/pojo/dept.xml" />
	
</sqlMapConfig>

