<?xml version="1.0" encoding="UTF-8"?>
<!DOCTYPE sqlMap PUBLIC "-//ibatis.apache.org//DTD SQL Map 2.0//EN" "http://ibatis.apache.org/dtd/sql-map-2.dtd" >
<sqlMap namespace="Department">

	<resultMap id="deptResult" class="demo.bean.Department" >
		<result property="oid" column="oid"/>
		<result property="deptName" column="deptName"/>
		<result property="address" column="address"/>
		<result property="phone" column="phone"/>
		<result property="parentid" column="parentid"/>
		<result property="employees" column="oid" select="Employee.selectByDeptId"/>
		
		<result property="parent" column="parentid" select="Department.selectById"/>
		<result property="childs" column="oid" select="Department.selectByParent"/>
	</resultMap>
	
	
	
	
	
	
	
	
	<select id="selectById" parameterClass="int" resultClass="demo.bean.Department">
		select oid,deptName,address,phone,parentid
		from Department 
		where oid=#oid#
	</select>
	
	<select id="selectByParent" parameterClass="int" resultClass="demo.bean.Department">
		select oid,deptName,address,phone,parentid
		from Department 
		where parentid=#value#
	</select>
	
		<select id="selectAll" resultMap="deptResult">
		select * from Department
	</select>
	
	
	
</sqlMap>
