<?xml version="1.0" encoding="UTF-8"?>
<!DOCTYPE sqlMap PUBLIC "-//ibatis.apache.org//DTD SQL Map 2.0//EN" 
 "http://ibatis.apache.org/dtd/sql-map-2.dtd" >
<sqlMap namespace="Employee">

	<resultMap id="empResult" class="demo.bean.Employee" >
		<result property="oid" column="oid"/>
		<result property="empName" column="empName"/>
		<result property="school" column="school"/>
		<result property="phone" column="phone"/>
		<result property="deptid" column="deptid"/>
		<result property="dept" column="deptid" select="Department.selectById"/>
	</resultMap>
<!-- 查询emp表 -->
	<select id="selectAll" resultMap="empResult">
		select * from Employee
	</select>
	
	<select id="selectByDeptId" parameterClass="int" resultMap="empResult">
		select oid,empName,school,phone,deptid
		from Employee 
		where deptid=#value#
	</select>
	
	<select id="selectById" parameterClass="int" resultClass="demo.bean.Employee">
		select oid,empName,school,phone,deptid
		from Employee 
		where oid=#oid#
	</select>
	
	<insert id="add" parameterClass="demo.bean.Employee">
		insert into Employee(empName,school,phone,deptid) 
		values(#empName#,#school#,#phone#,#deptid#)
	</insert>
	
	<update id="update" parameterClass="demo.bean.Employee">
		update Employee 
		set empName=#empName#,school=#school#,phone=#phone#,deptid=#deptid#
		where oid=#oid#
	</update>
	<!-- 删除 -->
	<delete id="delete" parameterClass="demo.bean.Employee">
		delete from Employee where oid=#oid#
	</delete>
	<!-- 模糊查询 -->
	<select id="selectByNameAndDept"
	   parameterClass="demo.bean.Employee"
	   resultMap="empResult">	
	   	
		select * from Employee 
		<dynamic prepend="where">
			<isNotEmpty property="empName" prepend="and">
				empName like ('%$empName$%')
			</isNotEmpty>
			<isNotNull>
				<isNotEqual property="deptid"  compareValue="0" prepend="and">
					deptid = #deptid#
				</isNotEqual>
			</isNotNull>
		</dynamic>
	</select>
	
</sqlMap>
