<?xml version="1.0" encoding="UTF-8"?>
<beans
	xmlns="http://www.springframework.org/schema/beans"
	xmlns:xsi="http://www.w3.org/2001/XMLSchema-instance"
	xmlns:p="http://www.springframework.org/schema/p"
	xsi:schemaLocation="http://www.springframework.org/schema/beans http://www.springframework.org/schema/beans/spring-beans-3.1.xsd">

	<bean id="s1" class="bean.Student">
		<property name="name" value="金鑫"></property>
		<property name="sex" value="男"></property>
		<property name="phone" value="111"></property>
	</bean>
	<bean id="s2" class="bean.Student">
		<property name="name" value="木森"></property>
		<property name="sex" value="男"></property>
		<property name="phone" value="222"></property>
	</bean>
	<bean id="s3" class="bean.Student">
		<property name="name" value="水淼"></property>
		<property name="sex" value="女"></property>
		<property name="phone" value="333"></property>
	</bean>
	
	<bean id="party" class="bean.Party">
		<constructor-arg index="0">
			<value>2016校友聚会</value>
		</constructor-arg>
		
		<property name="member">
			<list>
				<ref bean="s1" />
				<ref bean="s2" />
				<ref bean="s3" />
			</list>
		</property>
	</bean>
	<bean id="partylistener" class="listener.PartyListener"></bean>
</beans>
