<?xml version="1.0" encoding="UTF-8"?>
<beans
	xmlns="http://www.springframework.org/schema/beans"
	xmlns:xsi="http://www.w3.org/2001/XMLSchema-instance"
	xmlns:p="http://www.springframework.org/schema/p"
	xsi:schemaLocation="http://www.springframework.org/schema/beans http://www.springframework.org/schema/beans/spring-beans-2.5.xsd">

   <bean id="student" class="com.qhit.Bean.StudentBean">
    <constructor-arg index="0" value="微凉" />
    <constructor-arg index="1" value="男" />
    <constructor-arg index="2" value="123456789" />
   </bean>
   
   <bean id="student1" class="com.qhit.Bean.StudentBean">
    <constructor-arg index="0" value="忘冰" />
    <constructor-arg index="1" value="女" />
    <constructor-arg index="2" value="123456789" />
   </bean>
   
   <bean id="date" class="java.util.Date" />
   <bean id="friend" class="com.qhit.Bean.FriendBean">
   <property name="adress" value="美国白宫" />
   <property name="time" ref="date" />
   </bean>
   <!-- 
   <bean id="Stulist" class="com.qhit.Bean.StudentBean">
    <property name="list">
      <list>
       <ref bean="student"></ref>
       <ref bean="student1"></ref>
      </list>
    </property>
   </bean>
  -->
  <!--  
   <bean id="Arr" class="com.qhit.Bean.StuList">
    <property name="Stunam"  >
     <list>
      <value>微凉</value>
      <value>忘冰</value>
     </list>
    </property>   

    <property name="Stulis" >
     <list>
      <ref bean="student"></ref>
      <ref bean="student1"></ref>
     </list>
    </property>

    <property name="Stumap">
     <map>
      <entry key="k1">
      <ref bean="student"></ref>
      </entry>
      
      <entry key="k2">
      <ref bean="student1"></ref>
      </entry>
    
     </map>
    </property>
   </bean>
 -->
   <bean id="listenter" class="com.qhit.Action.listenter" ></bean>
   
</beans>