<?xml version="1.0" encoding="utf-8"?>
<!DOCTYPE hibernate-mapping PUBLIC "-//Hibernate/Hibernate Mapping DTD 3.0//EN"
"http://www.hibernate.org/dtd/hibernate-mapping-3.0.dtd">
<!-- 
    Mapping file autogenerated by MyEclipse Persistence Tools
-->
<hibernate-mapping>
    <class name="beans.Students" table="Students" schema="dbo" catalog="EasyUI">
        <id name="sid" type="java.lang.Integer">
            <column name="sid" />
            <generator class="native"></generator>
        </id>
        <property name="sname" type="java.lang.String">
            <column name="sname" not-null="true" />
        </property>
        <property name="ssex" type="java.lang.String">
            <column name="ssex" length="1" not-null="true" />
        </property>
        <property name="sage" type="java.lang.Integer">
            <column name="sage" not-null="true" />
        </property>
    </class>
</hibernate-mapping>
