<?xml version="1.0" encoding="UTF-8"?>
<!DOCTYPE sqlMapConfig SYSTEM "http://www.ibatis.com/dtd/sql-map-config-2.dtd" >
<sqlMapConfig>
  <!-- Configure a built-in transaction manager.  If you're using an 
       app server, you probably want to use its transaction manager 
       and a managed datasource 
     -->
     <!-- 引入数据源的属性文件 -->
     <properties resource="database.properties" />	
	<!-- 设置属性 -->
	<settings cacheModelsEnabled="true" 
		enhancementEnabled="true"
		lazyLoadingEnabled="true"
		 useStatementNamespaces="true"
		maxSessions="64" maxTransactions="8" maxRequests="128" />
		
	<transactionManager type="JDBC" commitRequired="false">
		<dataSource type="SIMPLE">
		<!-- value值要对应 -->
			<property name="JDBC.Driver" value="${driverClass}" />
			<property name="JDBC.ConnectionURL"
				value="${ConnectonURL}" />
			<property name="JDBC.Username" value="${username}" />
			<property name="JDBC.Password" value="${password}" />
		</dataSource>
	</transactionManager>
 
	<sqlMap resource="com/tsing/pojo/login.xml"/>

</sqlMapConfig>

