<?xml version="1.0" encoding="utf-8"?>
<!DOCTYPE hibernate-mapping PUBLIC "-//Hibernate/Hibernate Mapping DTD 3.0//EN"
"http://hibernate.sourceforge.net/hibernate-mapping-3.0.dtd">
<!-- 
    Mapping file autogenerated by MyEclipse Persistence Tools
-->
<hibernate-mapping>
    <class name="com.spr.vo.Usermassage" table="USERMASSAGE" schema="SCOTT">
        <id name="id" type="java.lang.Integer">
            <column name="ID" precision="22" scale="0" />
            <generator class="sequence">
               <param name="sequence">ORDER_ID</param>
            </generator>
        </id>
        <property name="username" type="java.lang.String">
            <column name="USERNAME" length="20" />
        </property>
        <property name="password" type="java.lang.String">
            <column name="PASSWORD" length="20" />
        </property>
        <property name="sex" type="java.lang.String">
            <column name="SEX" length="2" />
        </property>
        <property name="age" type="java.lang.Integer">
            <column name="AGE" precision="22" scale="0" />
        </property>
        <property name="xueli" type="java.lang.String">
            <column name="XUELI" length="30" />
        </property>
        <property name="address" type="java.lang.String">
            <column name="ADDRESS" length="30" />
        </property>
    </class>
</hibernate-mapping>
