<?xml version="1.0" encoding="utf-8"?>
<!DOCTYPE hibernate-mapping PUBLIC "-//Hibernate/Hibernate Mapping DTD 3.0//EN"
"http://hibernate.sourceforge.net/hibernate-mapping-3.0.dtd">
<!-- 
    Mapping file autogenerated by MyEclipse Persistence Tools
-->
<hibernate-mapping>
    <class name="com.lzc.dao.Json" table="json" schema="dbo" catalog="json">
        <id name="id" type="java.lang.Integer">
            <column name="id" />
            <generator class="native"></generator>
        </id>
        <property name="xm" type="java.lang.String">
            <column name="xm" length="50" not-null="true" />
        </property>
        <property name="xb" type="java.lang.String">
            <column name="xb" not-null="true" />
        </property>
        <property name="nl" type="java.lang.Integer">
            <column name="nl" not-null="true" />
        </property>
        <property name="yx" type="java.lang.String">
            <column name="yx" length="50" not-null="true" />
        </property>
        <property name="dl" type="java.lang.String">
            <column name="dl" length="50" not-null="true" />
        </property>
    </class>
</hibernate-mapping>
