<?xml version="1.0" encoding="UTF-8"?>
<beans
	xmlns="http://www.springframework.org/schema/beans"
	xmlns:xsi="http://www.w3.org/2001/XMLSchema-instance"
	xmlns:p="http://www.springframework.org/schema/p"
	xsi:schemaLocation="http://www.springframework.org/schema/beans http://www.springframework.org/schema/beans/spring-beans-3.1.xsd">
  
    <bean id="date" class="java.util.Date"></bean>
    <bean id="users" class="com.spring.vo.Users" >
      <property name="name" value="Hello,小明"></property>
      <property name="date" ref="date"></property>
    </bean>
    <bean id="bk1" class="com.spring.vo.Book">
      <property name="name"><value>Java基础编程</value></property>
      <property name="price"><value>35.5</value></property>
    </bean>
    <bean id="bk2" class="com.spring.vo.Book">
      <property name="name"><value>Jsp网页设计</value></property>
      <property name="price"><value>45.5</value></property>
    </bean>
    <bean id="bk3" class="com.spring.vo.Book">
      <property name="name"><value>Hibernate框架</value></property>
      <property name="price"><value>68.8</value></property>
    </bean>
    
    <bean id="jihelx" class="com.spring.vo.Jihelx">
      <property name="bookNames">
         <list>
            <value>Java基础编程</value>
            <value>Jsp网页设计</value>
            <value>Hibernate框架</value>
         </list>
      </property>
      <property name="bookList">
         <list>
            <ref bean="bk1"/>
            <ref bean="bk2"/>
            <ref bean="bk3"/>
         </list>
      </property>
      <property name="bookMap">
         <map>
            <entry key="book1">
               <ref bean="bk1"></ref>
            </entry>
            <entry key="book2">
               <ref bean="bk2"></ref>
            </entry>
            <entry key="book3">
               <ref bean="bk3"></ref>
            </entry>
         </map>
      </property>
    </bean>
    
    <bean id="p01" class="com.spring.vo.Person">
      <property name="name" value="张三"></property>
      <property name="sex" value="男"></property>
      <property name="phone" value="18709869709"></property>
    </bean>
        <bean id="p02" class="com.spring.vo.Person">
      <property name="name" value="李明"></property>
      <property name="sex" value="男"></property>
      <property name="phone" value="15238608769"></property>
    </bean>
        <bean id="p03" class="com.spring.vo.Person">
      <property name="name" value="王红"></property>
      <property name="sex" value="女"></property>
      <property name="phone" value="13839809240"></property>
    </bean>
    <bean id="party" class="com.spring.vo.Party">
      <constructor-arg index="0">
        <value>2016校友聚会</value>
      </constructor-arg>
      <property name="members">
        <list>
           <ref bean="p01"></ref>
           <ref bean="p02"></ref>
           <ref bean="p03"></ref>
        </list>
      </property>
    </bean>
    <bean id="myapplistener" class="com.spring.vo.HelloAppListener"></bean>
    

</beans>