<?xml version="1.0" encoding="UTF-8"?>
<beans
	xmlns="http://www.springframework.org/schema/beans"
	xmlns:xsi="http://www.w3.org/2001/XMLSchema-instance"
	xmlns:p="http://www.springframework.org/schema/p"
	xsi:schemaLocation="http://www.springframework.org/schema/beans http://www.springframework.org/schema/beans/spring-beans-4.1.xsd">
    <bean id="p01" class="bean.Person">
      <property name="name" value="张三"></property>
      <property name="sex" value="男"></property>
      <property name="phone" value="123456"></property>
    </bean>
    
    <bean id="p02" class="bean.Person">
      <property name="name" value="王五"></property>
      <property name="sex" value="男"></property>
      <property name="phone" value="2333333"></property>
    </bean>
    
    <bean id="p03" class="bean.Person">
      <property name="name" value="梨花"></property>
      <property name="sex" value="女"></property>
      <property name="phone" value="1111111"></property>
    </bean>
    
    <bean id="party" class="bean.Party">
       <constructor-arg index="0">
         <value>2012校友聚会</value>
       </constructor-arg>
       <property name="members">
         <list>
           <ref bean="p01"/>
           <ref bean="p02"/>
           <ref bean="p03"/>
         </list>
       </property>
    </bean>
    <bean id="haapplistener" class="hear.HaaAppListener"></bean>
</beans>