<?xml version="1.0" encoding="UTF-8"?>
<beans
	xmlns="http://www.springframework.org/schema/beans"
	xmlns:xsi="http://www.w3.org/2001/XMLSchema-instance"
	xmlns:p="http://www.springframework.org/schema/p"
	xsi:schemaLocation="http://www.springframework.org/schema/beans http://www.springframework.org/schema/beans/spring-beans-3.1.xsd">

    <bean id="beanBiz" class="com.text.Beanlmpl">
	   <property name="hello" value="欢迎你，中国"></property>
	</bean>
        <bean id="logBeforeAdvice" class="com.text.LogBeforeAdvice"></bean>
       <bean id="logAfterAdivce" class="com.text.LogAfterAdivce"></bean>
	
	<bean id="beanproxy" class="org.springframework.aop.framework.ProxyFactoryBean">
	  <property name="proxyInterfaces" value="com.text.lBean"></property>
	  <property name="target" ref="beanBiz"></property>
	  <property name="interceptorNames">
	     <list>
	      <value>logBeforeAdvice</value>
	      <value>logAfterAdivce</value>
	     </list>
	  </property>
	</bean>
	
	

	 
</beans>