<?xml version="1.0" encoding="UTF-8"?>
<!DOCTYPE sqlMapConfig SYSTEM "http://www.ibatis.com/dtd/sql-map-config-2.dtd" >
<sqlMapConfig>
  <transactionManager type="JDBC" commitRequired="false">
    <dataSource type="SIMPLE">
      <property name="JDBC.Driver" value="oracle.jdbc.OracleDriver"/>
      <property name="JDBC.ConnectionURL" value="jdbc:oracle:thin:@localhost:1521:orcl"/>
      <property name="JDBC.Username" value="scott"/>
      <property name="JDBC.Password" value="tiger"/>
    </dataSource>
  </transactionManager>
	<sqlMap resource="pojo/Student.xml"/>
</sqlMapConfig>