<?xml version="1.0" encoding="utf-8"?>
<!DOCTYPE hibernate-mapping PUBLIC "-//Hibernate/Hibernate Mapping DTD 3.0//EN"
"http://hibernate.sourceforge.net/hibernate-mapping-3.0.dtd">
<!-- 
    Mapping file autogenerated by MyEclipse Persistence Tools
-->
<hibernate-mapping>
    <class name="com.jeasyui.Pro.Student" table="Student" schema="dbo" catalog="jeasyui">
        <id name="sid" type="java.lang.Integer">
            <column name="sid" />
            <generator class="native" />
        </id>
        <property name="sname" type="java.lang.String">
            <column name="sname" length="50" />
        </property>
        <property name="ssex" type="java.lang.String">
            <column name="ssex" length="50" />
        </property>
        <property name="sage" type="java.lang.Integer">
            <column name="sage" />
        </property>
    </class>
</hibernate-mapping>
