<?xml version="1.0" encoding="UTF-8"?>
<beans
	xmlns="http://www.springframework.org/schema/beans"
	xmlns:xsi="http://www.w3.org/2001/XMLSchema-instance"
	xmlns:p="http://www.springframework.org/schema/p"
	xsi:schemaLocation="http://www.springframework.org/schema/beans http://www.springframework.org/schema/beans/spring-beans-3.1.xsd">

    <!--依赖属性注入  -->
    <bean id="beanBiz" class="aopdemo.BeanImpI">
      <property name="hello" value="欢迎你，中国！"></property>
    </bean>
    
    <!-- 注入 -->
    <bean id="logBeforeAdrice" class="aopdemo.LogBeforAdvice"></bean>
    <bean id="logAfterAdrice" class="aopdemo.LogAfterAdvice"></bean>
    
    <bean id="beanproxy" class="org.springframework.aop.framework.ProxyFactoryBean">
       <property name="proxyInterfaces" value="aopdemo.IBean"></property>
       <property name="target" ref="beanBiz"></property>
       <property name="interceptorNames">
         <list>
           <value>logBeforeAdrice</value>
           <value>logAfterAdrice</value>
         
         </list>
       
       </property>
    
    </bean>
    
</beans>