<?xml version="1.0" encoding="utf-8"?>
<!DOCTYPE hibernate-mapping PUBLIC "-//Hibernate/Hibernate Mapping DTD 3.0//EN"
"http://hibernate.sourceforge.net/hibernate-mapping-3.0.dtd">
<!-- 
    Mapping file autogenerated by MyEclipse Persistence Tools
-->
<hibernate-mapping>
    <class name="bean.Student" table="STUDENT" schema="SCOTT">
        <id name="sid" type="java.lang.Integer">
            <column name="SID" precision="22" scale="0" />
            <generator class="sequence" >
            <param name="sequence">stu_sid</param>
            </generator>
        </id>
        <property name="sno" type="java.lang.String">
            <column name="SNO" length="50" />
        </property>
        <property name="sname" type="java.lang.String">
            <column name="SNAME" length="50" />
        </property>
        <property name="ssex" type="java.lang.String">
            <column name="SSEX" length="50" />
        </property>
        <property name="sage" type="java.lang.Integer">
            <column name="SAGE" precision="22" scale="0" />
        </property>
    </class>
</hibernate-mapping>
