<?xml version="1.0" encoding="UTF-8"?>
<beans
	xmlns="http://www.springframework.org/schema/beans"
	xmlns:xsi="http://www.w3.org/2001/XMLSchema-instance"
	xmlns:p="http://www.springframework.org/schema/p"
	xsi:schemaLocation="http://www.springframework.org/schema/beans http://www.springframework.org/schema/beans/spring-beans-3.1.xsd">
   <bean id="now" class="java.util.Date"></bean>
   <bean id="perpson1" class="com.vo.PerpsonMess">
         <property name="name" value="李志成"></property>
         <property name="sex" value="男"></property>
         <property name="iphone" value="123456"></property>
   </bean>
   <bean id="perpson2" class="com.vo.PerpsonMess">
         <property name="name" value="yakun"></property>
         <property name="sex" value="男"></property>
         <property name="iphone" value="123456"></property>
   </bean>
   <bean id="perpson3" class="com.vo.PerpsonMess">
         <property name="name" value="口香糖"></property>
         <property name="sex" value="男"></property>
         <property name="iphone" value="123456"></property>
   </bean>
   <bean id="paty1" class="com.vo.SchoolPaty">
         <property name="adress" value="漯河职业技术学院"></property>
         <property name="time" ref="now"></property>
         <property name="list">
            <list>
                 <ref bean="perpson1"/>
                 <ref bean="perpson2"/>
                 <ref bean="perpson3"/>
            </list>
         </property>
   </bean>
   <bean id="paty2" class="com.vo.SchoolPaty">
         <property name="adress" value="漯河医专"></property>
         <property name="time" ref="now"></property>
         <property name="list">
            <list>
                 <ref bean="perpson1"/>
                 <ref bean="perpson2"/>
                 <ref bean="perpson3"/>
            </list>
         </property>
   </bean>
   <bean id="paty3" class="com.vo.SchoolPaty">
         <property name="adress" value="沙澧河"></property>
         <property name="time" ref="now"></property>
         <property name="list">
            <list>
                 <ref bean="perpson1"/>
                 <ref bean="perpson2"/>
                 <ref bean="perpson3"/>
            </list>
         </property>
   </bean>
   <bean id="list" class="com.vo.ListVo">
          <property name="list">
              <list>
                   <ref bean="paty1"/>
                   <ref bean="paty2"/>
                   <ref bean="paty3"/>
              </list>  
          </property>
   </bean>
   <bean id="myapplistener" class="com.listener.SpringListener"></bean>
</beans>