<?xml version="1.0" encoding="UTF-8"?>
<beans
	xmlns="http://www.springframework.org/schema/beans"
	xmlns:xsi="http://www.w3.org/2001/XMLSchema-instance"
	xmlns:p="http://www.springframework.org/schema/p"
	xsi:schemaLocation="http://www.springframework.org/schema/beans http://www.springframework.org/schema/beans/spring-beans-3.1.xsd">
	
	<bean id="p01" class="bean.Person">
		<property name="name" value="张三"></property>
		<property name="sex" value="男"></property>
		<property name="phone" value="123"></property>
	</bean>
	<bean id="p02" class="bean.Person">
		<property name="name" value="lisa"></property>
		<property name="sex" value="女"></property>
		<property name="phone" value="123"></property>
	</bean>
	<bean id="p03" class="bean.Person">
		<property name="name" value="tom"></property>
		<property name="sex" value="男"></property>
		<property name="phone" value="123"></property>
	</bean>

	<bean id="party" class="bean.Party">
		<constructor-arg>
			<value>2017校友聚会</value>
		</constructor-arg>
		<property name="members">
			<list>
				<ref bean="p01"/>
				<ref bean="p02"/>
				<ref bean="p03"/>
			</list>
		</property>
	</bean>
	
	<bean id="bk1" class="bean.Book">
		<property name="name" value="Java基础编程"></property>
		<property name="price" value="35.5"></property>
	</bean>
	<bean id="bk2" class="bean.Book">
		<property name="name" value="hibernate框架"></property>
		<property name="price" value="35.5"></property>
	</bean>
	<bean id="bk3" class="bean.Book">
		<property name="name" value="Jsp网页设计"></property>
		<property name="price" value="55.5"></property>
	</bean>
	
	<bean id="hellobean3" class="bean.HelloBean">
		<property name="bookNames">
			<list>
				<value>Java编程基础</value>
				<value>hibernate框架</value>
				<value>Jsp网页设计</value>
			</list>
		</property>
		<property name="bookList">
			<list>
				<ref bean="bk1"/>
				<ref bean="bk2"/>
				<ref bean="bk3"/>
			</list>
		</property>
		<property name="bookMap">
			<map>
				<entry key="book1">
				<ref bean="bk1"/>
				</entry>
				<entry key="book2">
				<ref bean="bk2"/>
				</entry>
				<entry key="book3">
				<ref bean="bk3"/>
				</entry>
			</map>
		</property>
	</bean>
</beans>