<?xml version="1.0" encoding="UTF-8"?>
<beans
	xmlns="http://www.springframework.org/schema/beans"
	xmlns:xsi="http://www.w3.org/2001/XMLSchema-instance"
	xmlns:p="http://www.springframework.org/schema/p"
	xsi:schemaLocation="http://www.springframework.org/schema/beans http://www.springframework.org/schema/beans/spring-beans-3.1.xsd">

	
	<!-- 数据源定义 -->
	<bean id="ds" class="org.springframework.jdbc.datasource.DriverManagerDataSource">
		<property name="driverClassName">
			<value>oracle.jdbc.OracleDriver</value>
		</property>
		<property name="url">
			<value>jdbc:oracle:thin:@localhost:1521:orcl</value>
		</property>
		<property name="username">
			<value>scott</value>
		</property>
		<property name="password">
			<value>tiger</value>
		</property>
	</bean>
	<!-- 会话工厂定义 -->
	<bean id="sessionFactory" class="org.springframework.orm.hibernate3.LocalSessionFactoryBean">
		<property name="dataSource" ref="ds"></property>
		<property name="hibernateProperties">
			<props>
				<prop key="hibernate.dialect">org.hibernate.dialect.OracleDialect</prop>
				<prop key="hibernate.show_sql">true</prop>
			</props>
		</property>
		<property name="mappingResources">
			<list>
				<value>com/qhit/bean/Student.hbm.xml</value></list>
		</property></bean>
		<!-- basedao组件定义 -->
		<bean id="basedao" class="com.qhit.dao.BaseDaoImpl">
		<property name="sessionFactory" ref="sessionFactory"></property>
		</bean>
	
	</beans>