<?xml version="1.0" encoding="UTF-8"?>
<beans
	xmlns="http://www.springframework.org/schema/beans"
	xmlns:xsi="http://www.w3.org/2001/XMLSchema-instance"
	xmlns:p="http://www.springframework.org/schema/p"
	xsi:schemaLocation="http://www.springframework.org/schema/beans http://www.springframework.org/schema/beans/spring-beans-3.1.xsd">
<bean id="p01" class="com.spring1.beans.AlumniInformation">
  <property name="name" value="张伟"></property>
  <property name="sex" value="男"></property>
  <property name="phone" value="111111111"></property>
</bean>
<bean id="p02" class="com.spring1.beans.AlumniInformation">
  <property name="name" value="张三"></property>
  <property name="sex" value="男"></property>
  <property name="phone" value="222222222"></property>
</bean>
<bean id="p03" class="com.spring1.beans.AlumniInformation">
  <property name="name" value="小丽"></property>
  <property name="sex" value="女"></property>
  <property name="phone" value="3333333333"></property>
</bean>

<bean id="party" class="com.spring1.beans.Party">
   <constructor-arg index="0">
     <value>2018校友聚会</value>
   </constructor-arg>
   <property name="members">
     <list>
       <ref bean="p01"/>
       <ref bean="p02"/>
       <ref bean="p03"/>
     </list>
   </property>
</bean>



</beans>