<?xml version="1.0" encoding="UTF-8"?>
<beans
	xmlns="http://www.springframework.org/schema/beans"
	xmlns:xsi="http://www.w3.org/2001/XMLSchema-instance"
	xmlns:p="http://www.springframework.org/schema/p"
	xsi:schemaLocation="http://www.springframework.org/schema/beans http://www.springframework.org/schema/beans/spring-beans-3.1.xsd">

    <!--数据源定义-->
    <bean id="ds" class="org.springframework.jdbc.datasource.DriverManagerDataSource">
       <property name="driverClassName" value="oracle.jdbc.driver.OracleDriver"></property>
       <property name="url" value="jdbc:oracle:thin:@localhost:1521:orcl"></property>
       <property name="username" value="scott"></property>
       <property name="password" value="tiger"></property>
    </bean>
    
    
     <!--会话工厂定义-->
	<bean id="sessionFactory"
		class="org.springframework.orm.hibernate3.LocalSessionFactoryBean">
		<property name="dataSource" ref="ds"></property>
		<property name="hibernateProperties">
		    <props>
		         <prop key="hibernate.dialect">org.hibernate.dialect.Oracle10gDialect</prop>
		         <prop key="hibernate.show_sql"></prop>
		    </props>
		</property>
		<property name="mappingResources">
		    <list>
		        <value>com/spr/vo/Usermassage.hbm.xml</value>
		    </list>
		</property>
	</bean>
	<!--basedao组件定义-->
	<bean id="ud" class="com.spr.dao.UserdaoImp">
	    <property name="sessionFactory" ref="sessionFactory"></property>
	</bean>
</beans>