<?xml version="1.0" encoding="UTF-8" ?>
<!DOCTYPE struts PUBLIC "-//Apache Software Foundation//DTD Struts Configuration 2.1//EN" "http://struts.apache.org/dtds/struts-2.1.dtd">
<struts>
    <package name="userMassage" extends="struts-default">	
			<action name="user_*" class="com.spr.action.UserAction" method="{1}">
				<result name="list">userlist.jsp</result>
				<result name="toupd">userupd.jsp</result>
				<result name="tolist" type="redirectAction">user_usersel</result>
			</action>
	</package>
</struts>    
