
[{"id":1,"xm":"?????????","xb":"ç·       ","nl":18,"yx":"111111@qq.com","dl":"?23????????ˉ?23???"},{"id":2,"xm":"?????????","xb":"ç·       ","nl":18,"yx":"111111@qq.com","dl":"?23????????ˉ?23???"},{"id":3,"xm":"?????????","xb":"ç·       ","nl":18,"yx":"111111@qq.com","dl":"?23????????ˉ?23???"},{"id":4,"xm":"?????????","xb":"ç·       ","nl":15,"yx":"111111@qq.com","dl":"?23????????ˉ?23???"},{"id":5,"xm":"?????????","xb":"ç·       ","nl":15,"yx":"111111@qq.com","dl":"?23????????ˉ?23???"},{"id":6,"xm":"?????????","xb":"ç·       ","nl":15,"yx":"111111@qq.com","dl":"?23????????ˉ?23???"}][{"id":1,"xm":"?????????","xb":"ç·       ","nl":18,"yx":"111111@qq.com","dl":"?23????????ˉ?23???"},{"id":2,"xm":"?????????","xb":"ç·       ","nl":18,"yx":"111111@qq.com","dl":"?23????????ˉ?23???"},{"id":3,"xm":"?????????","xb":"ç·       ","nl":18,"yx":"111111@qq.com","dl":"?23????????ˉ?23???"},{"id":4,"xm":"?????????","xb":"ç·       ","nl":15,"yx":"111111@qq.com","dl":"?23????????ˉ?23???"},{"id":5,"xm":"?????????","xb":"ç·       ","nl":15,"yx":"111111@qq.com","dl":"?23????????ˉ?23???"},{"id":6,"xm":"?????????","xb":"ç·       ","nl":15,"yx":"111111@qq.com","dl":"?23????????ˉ?23???"}][{"id":1,"xm":"?????????","xb":"ç·       ","nl":18,"yx":"111111@qq.com","dl":"?23????????ˉ?23???"},{"id":2,"xm":"?????????","xb":"ç·       ","nl":18,"yx":"111111@qq.com","dl":"?23????????ˉ?23???"},{"id":3,"xm":"?????????","xb":"ç·       ","nl":18,"yx":"111111@qq.com","dl":"?23????????ˉ?23???"},{"id":4,"xm":"?????????","xb":"ç·       ","nl":15,"yx":"111111@qq.com","dl":"?23????????ˉ?23???"},{"id":5,"xm":"?????????","xb":"ç·       ","nl":15,"yx":"111111@qq.com","dl":"?23????????ˉ?23???"},{"id":6,"xm":"?????????","xb":"ç·       ","nl":15,"yx":"111111@qq.com","dl":"?23????????ˉ?23???"}]