<?xml version="1.0" encoding="UTF-8"?>
<beans
	xmlns="http://www.springframework.org/schema/beans"
	xmlns:xsi="http://www.w3.org/2001/XMLSchema-instance"
	xmlns:p="http://www.springframework.org/schema/p"
	xsi:schemaLocation="http://www.springframework.org/schema/beans http://www.springframework.org/schema/beans/spring-beans-3.1.xsd">
  
  
  
  <bean id="p1" class="com.ly.pojo.Person" >
     <property name="name" value="大大的乌龟" ></property>
     <property name="sex" value="男"></property>
     <property name="phone" value="1341346812"></property>
  
  </bean>
   <bean id="p2" class="com.ly.pojo.Person" >
     <property name="name" value="小小的强强"></property>
     <property name="sex" value="女"></property>
     <property name="phone" value="1341346812"></property>
  
  </bean>
   <bean id="p3" class="com.ly.pojo.Person" >
     <property name="name" value="大大的老虎"></property>
     <property name="sex" value="男"></property>
     <property name="phone" value="1341346812"></property>
  
  </bean>

 <bean id="hal" class="com.ly.app.HelloAppListener"/>



  <bean id="party" class="com.ly.pojo.Party">
     <constructor-arg index="0">
       <value>2018校友聚会</value>
     </constructor-arg>
     <property name="members">
       <list>
        <ref bean="p1"/>
        <ref bean="p2"/>
        <ref bean="p3"/>
       </list>
     </property>
  
  </bean>





</beans>