<?xml version="1.0" encoding="UTF-8"?>
<beans
	xmlns="http://www.springframework.org/schema/beans"
	xmlns:xsi="http://www.w3.org/2001/XMLSchema-instance"
	xmlns:p="http://www.springframework.org/schema/p"
	xsi:schemaLocation="http://www.springframework.org/schema/beans http://www.springframework.org/schema/beans/spring-beans-2.5.xsd">

<!-- 4.1 4.2练习 -->
<bean id="now" class="java.util.Date"></bean>

<!-- 5.1练习 -->
<bean id="p01" class="demo.bean.Person">
   <property name="name" value="张三"></property>
   <property name="sex" value="男"></property>
   <property name="phone" value="123456789"></property>
</bean>

<bean id="myapplistener" class="demo.util.SpringPartyListener" />

<bean id="p02" class="demo.bean.Person">
   <property name="name" value="王五"></property>
   <property name="sex" value="男"></property>
   <property name="phone" value="987654321"></property>
</bean>

<bean id="p03" class="demo.bean.Person">
   <property name="name" value="李华"></property>
   <property name="sex" value="男"></property>
   <property name="phone" value="666666666"></property>
</bean>

<bean id="party" class="demo.bean.Party">
   <constructor-arg index="0">
      <value>2012校友聚会</value>
   </constructor-arg>
   
   <property name="members">
      <list>
         <ref bean="p01" />
         <ref bean="p02" />
         <ref bean="p03" />
      </list>
   </property>
   
</bean>

</beans>