<?xml version="1.0" encoding="UTF-8" ?>
<!DOCTYPE struts PUBLIC "-//Apache Software Foundation//DTD Struts Configuration 2.1//EN" "http://struts.apache.org/dtds/struts-2.1.dtd">
<struts>

   <package name="logpc" extends="struts-default">
       <action name="login" class="com.spring.action.LogerAction">
           <result name="list">/logerlist.jsp</result>
           <result name="tolist" type="redirectAction">login!list</result>
           <result name="toupdate">/logerupdate.jsp</result>
       </action>
   
   </package>

</struts>    
