<?xml version="1.0" encoding="UTF-8"?>
<beans
	xmlns="http://www.springframework.org/schema/beans"
	xmlns:xsi="http://www.w3.org/2001/XMLSchema-instance"
	xmlns:p="http://www.springframework.org/schema/p"
	xsi:schemaLocation="http://www.springframework.org/schema/beans http://www.springframework.org/schema/beans/spring-beans-2.5.xsd">


	<bean id="ds"
		class="org.apache.commons.dbcp.BasicDataSource">
		<property name="driverClassName" value="com.microsoft.sqlserver.jdbc.SQLServerDriver"></property>
		<property name="url"
			value="jdbc:sqlserver://localhost:1433;databaseName=userManager">
		</property>
		<property name="username" value="sa"></property>
		<property name="password" value="123456"></property>
	</bean>
	<bean id="sessionFactory" class="org.springframework.orm.hibernate3.LocalSessionFactoryBean">
		<property name="dataSource">
			<ref bean="ds" />
		</property>
		<property name="hibernateProperties">
			<props>
				<prop key="hibernate.dialect">
					org.hibernate.dialect.SQLServerDialect
				</prop>
				<prop key="hibernate.show_sql">true</prop>
			</props>
		</property>
		<property name="mappingResources">
			<list>
				<value>bean/Emp.hbm.xml</value>
			</list>
		</property>
	  </bean>
	  
	  <bean id="idao" class="dao.EmpDaoImpl">
	  	<property name="sessionFactory">
	  		<ref bean="sessionFactory" />
	  	</property>
	  </bean>
</beans>