<?xml version="1.0" encoding="UTF-8"?>
<beans
	xmlns="http://www.springframework.org/schema/beans"
	xmlns:xsi="http://www.w3.org/2001/XMLSchema-instance"
	xmlns:p="http://www.springframework.org/schema/p"
	xsi:schemaLocation="http://www.springframework.org/schema/beans http://www.springframework.org/schema/beans/spring-beans-3.1.xsd">
   
   <!--  
  <bean id="xx" class="com.spring.vo.xinxi">
    <constructor-arg  index="0">
      <value>李四</value>
    </constructor-arg>
    <constructor-arg index="1">
      <value>男</value>
    </constructor-arg>
    <constructor-arg index="2">
      <value>1325564778</value>
    </constructor-arg>
  </bean>
-->
  <bean id="time" class="java.util.Date"></bean>
  <bean id="xinxi" class="com.spring.vo.xinxi">
      <property name="name" value="王五"></property>
      <property name="sex" value="男"></property>
      <property name="telephone" value="15366477894"></property>
  </bean>
  <bean id="xinxi1" class="com.spring.vo.xinxi">
      <property name="name" value="张三"></property>
      <property name="sex" value="男"></property>
      <property name="telephone" value="15366477894"></property>
  </bean>
  <bean id="xinxi2" class="com.spring.vo.xinxi">
      <property name="name" value="李四"></property>
      <property name="sex" value="男"></property>
      <property name="telephone" value="15166477893"></property>
  </bean>
  
  <bean id="jvhui" class="com.spring.vo.jvhui" >
   <property name="address" value="漯河职业技术学院"></property>
   <property name="time" ref="time" />
   <property name="xinxi">
     <list>
       <ref bean="xinxi"/>
       <ref bean="xinxi1"/>     
     </list>
   </property>
  </bean>
  <bean id="jvhui1" class="com.spring.vo.jvhui" >
   <property name="address" value="漯河医专"></property>
   <property name="time" ref="time" />
   <property name="xinxi">
     <list>
       <ref bean="xinxi2"/>
     </list>
   </property>
  </bean>
  
  <bean id="jihe" class="com.spring.vo.jihe">
     <property name="jvhui">
        <list>
           <ref bean="jvhui"/>
           <ref bean="jvhui1"/>
        </list>
     </property>
  </bean>
  <bean id="mylistener" class="com.spring.listener.listeners"></bean>
</beans>