<?xml version="1.0" encoding="UTF-8"?>
<beans
	xmlns="http://www.springframework.org/schema/beans"
	xmlns:xsi="http://www.w3.org/2001/XMLSchema-instance"
	xmlns:p="http://www.springframework.org/schema/p"
	xsi:schemaLocation="http://www.springframework.org/schema/beans http://www.springframework.org/schema/beans/spring-beans-3.1.xsd">
 
 <bean id="bk1" class="com.test.vo.xy">
 <property name="name"><value>王廷俊</value></property>
  <property name="phone"><value>15226116300</value></property>
    <property name="banji"><value>2班</value></property>
 </bean>
 <bean id="myapplistener" class="com.test.vo.helloAppListener"></bean>
  <bean id="bk2" class="com.test.vo.xy">
 <property name="name"><value>张草原</value></property>
  <property name="phone"><value>15226116300</value></property>
    <property name="banji"><value>2班</value></property>
 </bean>
 <bean id="sj" class="java.util.Date"></bean>
<bean id="party" class="com.test.vo.party">
<constructor-arg index="0">
<ref bean="sj"/>
</constructor-arg>
<property name="members">
<list>
<ref bean="bk1"/>
<ref bean="bk2"/>
</list>

</property>
</bean>
</beans>