<?xml version="1.0" encoding="UTF-8"?>
<!DOCTYPE sqlMap SYSTEM "http://ibatis.apache.org/dtd/sql-map-2.dtd" >
<sqlMap>

	<!--给POJO类定义短描述（或别名）-->
	<typeAlias alias="student" type="pojo.Student"></typeAlias>
	
	<!--查询标签-->
	<select id="queryStudent" resultClass="student">
		select * from student
	</select>
	
	<!--根据ID获取信息标签-->
	<select id="queryStuById" resultClass="student">
		select * from student where sid=#value#
	</select>
		
	<!--修改标签-->
	<update id="updateStudent" parameterClass="student">
		update student set sname=#sname#,sex=#sex#,age=#age# where sid=#sid#
	</update>
	
	<!--添加标签-->
	<insert id="insertStudent" parameterClass="student">
		insert into student values(null,#sname#,#sex#,#age#)
	</insert>
	
	<!--删除标签-->
	<delete id="deleteStudent" parameterClass="java.lang.Integer">
		delete from student where sid=#value#
	</delete>
	
</sqlMap>