<?xml version="1.0" encoding="UTF-8" ?>
<!DOCTYPE struts PUBLIC "-//Apache Software Foundation//DTD Struts Configuration 2.1//EN" "http://struts.apache.org/dtds/struts-2.1.dtd">
<struts>
<package name="spring2" extends="struts-default">

<action name="login" class="com.test.action.action">
<result name="cx">index.jsp</result>
<result name="tj" type="redirectAction">login!cx</result>
<result name="toxg" >xg.jsp</result>
<result name="xg" type="redirectAction">login!cx</result>

</action>
</package>
</struts>    
