<?xml version="1.0" encoding="utf-8"?>
<!DOCTYPE hibernate-mapping PUBLIC "-//Hibernate/Hibernate Mapping DTD 3.0//EN"
"http://hibernate.sourceforge.net/hibernate-mapping-3.0.dtd">
<!-- 
    Mapping file autogenerated by MyEclipse Persistence Tools
-->
<hibernate-mapping>
    <class name="bean.UserInfo" table="userInfo" schema="dbo" catalog="userManager">
        <id name="uid" type="java.lang.Integer">
            <column name="uid" />
            <generator class="native"></generator>
        </id>
        <property name="uname" type="java.lang.String">
            <column name="uname" length="50" />
        </property>
        <property name="email" type="java.lang.String">
            <column name="email" length="50" />
        </property>
        <property name="address" type="java.lang.String">
            <column name="address" length="50" />
        </property>
        <property name="phone" type="java.lang.String">
            <column name="phone" length="50" />
        </property>
    </class>
</hibernate-mapping>
