<?xml version="1.0" encoding="UTF-8"?>
<beans
	xmlns="http://www.springframework.org/schema/beans"
	xmlns:xsi="http://www.w3.org/2001/XMLSchema-instance"
	xmlns:p="http://www.springframework.org/schema/p"
	xsi:schemaLocation="http://www.springframework.org/schema/beans http://www.springframework.org/schema/beans/spring-beans-3.1.xsd">


  <bean id="Before" class="com.bean.BeforeAdvice"></bean>
  <bean id="after" class="com.bean.AfterAdive"></bean>
  <bean id="around" class="com.bean.AroundAdvice"></bean>
  <bean id="interImpl" class="com.inter.IBeanImpl">
     <property name="song" value="欢迎,来到中国"></property>
  </bean>
  <bean id="beanproxy" class="org.springframework.aop.framework.ProxyFactoryBean">
       <property name="proxyInterfaces" value="com.inter.IBean"></property>
       <property name="target" ref="interImpl"></property>
       <property name="interceptorNames">
          <list>
               <value>Before</value>
               <value>after</value>
            <!--     <value>around</value>-->
          </list>
       </property>
  </bean>
</beans>