<?xml version="1.0" encoding="UTF-8" ?>
<!DOCTYPE struts PUBLIC "-//Apache Software Foundation//DTD Struts Configuration 2.1//EN" "http://struts.apache.org/dtds/struts-2.1.dtd">
<struts>
	<package name="default" namespace="/" extends="struts-default,json-default">
		<action name="UserinfoAction" class="action.UserinfoAction">
			<result name="list" type="json">
				<param name="root">userlist</param>
			</result>
			<result name = "toindex" type="redirectAction">UserinfoAction!toindex</result>
			<result name = "index">index.jsp</result>
		</action>
	</package>
</struts>    
