<?xml version="1.0" encoding="UTF-8"?>
<beans
	xmlns="http://www.springframework.org/schema/beans"
	xmlns:xsi="http://www.w3.org/2001/XMLSchema-instance"
	xmlns:p="http://www.springframework.org/schema/p"
	xsi:schemaLocation="http://www.springframework.org/schema/beans http://www.springframework.org/schema/beans/spring-beans-3.1.xsd">

    <bean id="beanBiz" class="com.spring.daoImpl.Ibeamimpl">
       <property name="hello" value="你好,葛磊"></property>
   </bean>
   
   <bean id="LogBeforeAdvice" class="com.spring.daoImpl.LogBeforeAdvice"></bean>
   <bean id="LogAfterAdvice" class="com.spring.daoImpl.LogAfterAdvice"></bean>

   
   <bean id="beanproxy" class="org.springframework.aop.framework.ProxyFactoryBean">
     <property name="proxyInterfaces" value="com.spring.dao.Ibean"></property>
     <property name="target" ref="beanBiz"></property>
     <property name="interceptorNames">
        <list>
          <value>LogBeforeAdvice</value>
          <value>LogAfterAdvice</value>
         
        </list>
     </property>
   </bean>
</beans>