<?xml version="1.0" encoding="UTF-8"?>
<beans
	xmlns="http://www.springframework.org/schema/beans"
	xmlns:xsi="http://www.w3.org/2001/XMLSchema-instance"
	xmlns:p="http://www.springframework.org/schema/p"
	xsi:schemaLocation="http://www.springframework.org/schema/beans http://www.springframework.org/schema/beans/spring-beans-3.1.xsd">

<bean id="listener" class="demo.bean.Li"></bean>

   <bean id="p01" class="demo.bean.Person">
        <property name="name" value="张三"></property>
        <property name="sex" value="男"></property>
        <property name="phone" value="123465789"></property>
   </bean>
   <bean id="p02" class="demo.bean.Person">
        <property name="name" value="李四"></property>
        <property name="sex" value="女"></property>
        <property name="phone" value="12345"></property>
   </bean>
   <bean id="p03" class="demo.bean.Person">
        <property name="name" value="王五"></property>
        <property name="sex" value="男"></property>
        <property name="phone" value="123456"></property>
   </bean>
   
   
   <bean id="party" class="demo.bean.Party">
        <constructor-arg index="0">
               <value>2012校友聚会</value>
        </constructor-arg>
        <property name="members">
                <list>
                    <ref bean="p01"/>
                    <ref bean="p02"/>
                </list>
        </property>
   </bean>
   
</beans>