<?xml version="1.0" encoding="UTF-8"?>
<beans
	xmlns="http://www.springframework.org/schema/beans"
	xmlns:xsi="http://www.w3.org/2001/XMLSchema-instance"
	xmlns:p="http://www.springframework.org/schema/p"
	xsi:schemaLocation="http://www.springframework.org/schema/beans http://www.springframework.org/schema/beans/spring-beans-3.1.xsd">

   <bean id="new" class="java.util.Date"></bean>
   <bean id="p01" class="bean.Person">
     <property name="name" value='诸葛鑫'></property>
     <property name="sex" value='男'></property>
     <property name="phone" value='147852369'></property>
   </bean>
   <bean id="p02" class="bean.Person">
     <property name="name" value='东方静'></property>
     <property name="sex" value='女'></property>
     <property name="phone" value='245484869'></property>
   </bean>
   <bean id="p03" class="bean.Person">
     <property name="name" value='欧阳雪'></property>
     <property name="sex" value='女'></property>
     <property name="phone" value='147358629'></property>
   </bean>
   <bean id="party" class="bean.Party">
     <constructor-arg index="0">
         <value>2018校友聚会</value> 
     </constructor-arg>
     <property name="members">
         <list>
           <ref bean="p01"/>
           <ref bean="p02"/>
           <ref bean="p03"/>
         </list>
     </property>
   </bean>
   <bean id="myapplistener" class="hello.HelloAppListener"></bean>
</beans>