<?xml version="1.0" encoding="UTF-8"?>
<!DOCTYPE sqlMap SYSTEM "http://ibatis.apache.org/dtd/sql-map-2.dtd">

<sqlMap namespace="ns_dept">
<!-- 给POJO类定义短描述(或别名) -->
<typeAlias alias="dept" type="com.Ibatis.pojo.DEPT"/>

<resultMap class="dept" id="deptquerys">
   <result property="did" column="did"/>
   <result property="dname" column="dname"/>
   <result property="manager" column="manager"/>
   <result property="tel" column="tel"/>
   <result property="master" column="master"/>
   <result property="emp" column="did" select="ns_emp.queryEmps"/>
</resultMap>


<!-- 查询标签 -->
<select id="querydept"   resultMap="deptquerys">
	select * from DEPT
</select>
<select id="queryDeptById" resultClass="dept" parameterClass="java.lang.Integer">
	select * from DEPT  where did=#value#
</select>

<!-- 修改标签 -->
<update id="updatedept" parameterClass="dept">
	
</update>
<!-- 添加标签 -->
<insert id="insertdept" parameterClass="dept">
	
</insert>
<!-- 删除标签 -->
<delete id="deletedept" parameterClass="java.lang.String">
		
</delete>
</sqlMap>