<?xml version="1.0" encoding="UTF-8"?>
<!DOCTYPE sqlMap SYSTEM "http://ibatis.apache.org/dtd/sql-map-2.dtd">

<sqlMap namespace="ns_emp">
<!-- 给POJO类定义短描述(或别名) -->
<typeAlias alias="emp" type="com.Ibatis.pojo.EMP"/>

<resultMap class="emp" id="empquery">
   <result property="eid" column="eid"/>
   <result property="ename" column="ename"/>
   <result property="sex" column="sex"/>
   <result property="hire" column="hire"/>
   <result property="sar" column="sar"/>
   <result property="dept" column="did" select="ns_dept.queryDeptById"/>
</resultMap>

<select id="queryemp"   resultMap="empquery">
	select * from EMP
</select>

<select id="queryEmps" parameterClass="int" resultClass="com.Ibatis.pojo.EMP">
		select * from EMP where did = #value#
</select>

<!-- 查询标签
<statement id="querylistemp">
<![CDATA[
 select d.dname,count(e.eid) from DEPT d,EMP e where d.did=e.did group by d.dname
 ]]>
</statement>
 -->
<!-- 修改标签 -->
<update id="updateemp" parameterClass="emp">
	
</update>
<!-- 添加标签 -->
<insert id="insertemp" parameterClass="emp">
   <selectKey  keyProperty="eid">
     select seqname.nextval as eid from dual
   </selectKey>
	insert into emp values(#eid#,#ename#,#sex#,#sar#,#dept.did#,#hire#)
</insert>
<!-- 删除标签 -->
<delete id="deleteemp" parameterClass="java.lang.String">
		
</delete>
</sqlMap>