<?xml version="1.0" encoding="UTF-8"?>
<beans
	xmlns="http://www.springframework.org/schema/beans"
	xmlns:xsi="http://www.w3.org/2001/XMLSchema-instance"
	xmlns:p="http://www.springframework.org/schema/p"
	xsi:schemaLocation="http://www.springframework.org/schema/beans http://www.springframework.org/schema/beans/spring-beans-3.1.xsd">
 <bean id="now" class="java.util.Date"></bean>
 <bean id="myapplistener" class="com.vo.HelloAppListener"/>
  <bean id="p01" class="com.student.Xx">
  <property name="name" value="小白"></property>
  <property name="sex" value="男"></property>
  <property name="phone" value="13323564721"></property>
  <property name="bir" ref="now"></property>
  </bean>
  <bean id="p02" class="com.student.Xx">
  <property name="name" value="小凤"></property>
  <property name="sex" value="女"></property>
   <property name="phone" value="13523564721"></property>
   <property name="bir" ref="now"></property>
  </bean>
  <bean id="p03" class="com.student.Xx">
  <property name="name" value="小强"></property>
  <property name="sex" value="男"></property>
   <property name="phone" value="13523564722"></property>
   <property name="bir" ref="now"></property>
  </bean>
  <bean id="Party" class="com.student.Party">
  <property name="topic" value="2016校友聚会"></property>
  <property name="members">
  <list>
  <ref bean="p01" />
  <ref bean="p02" />
  <ref bean="p03" />
  </list>
  </property>
  </bean>
</beans>