<?xml version="1.0" encoding="utf-8"?>
<!DOCTYPE hibernate-mapping PUBLIC "-//Hibernate/Hibernate Mapping DTD 3.0//EN"
"http://hibernate.sourceforge.net/hibernate-mapping-3.0.dtd">
<!-- 
    Mapping file autogenerated by MyEclipse Persistence Tools
-->
<hibernate-mapping>
    <class name="com.easyui.pojo.Easyinfo" table="easyinfo" schema="dbo" catalog="easy1">
        <id name="eid" type="java.lang.Integer">
            <column name="eid" />
            <generator class="assigned" />
        </id>
        <property name="ename" type="java.lang.String">
            <column name="ename" length="20" not-null="true" />
        </property>
        <property name="esex" type="java.lang.String">
            <column name="esex" length="2" not-null="true" />
        </property>
        <property name="ephone" type="java.lang.String">
            <column name="ephone" length="15" not-null="true" />
        </property>
    </class>
</hibernate-mapping>
