<?xml version="1.0" encoding="UTF-8"?>
<beans
	xmlns="http://www.springframework.org/schema/beans"
	xmlns:xsi="http://www.w3.org/2001/XMLSchema-instance"
	xmlns:p="http://www.springframework.org/schema/p"
	xsi:schemaLocation="http://www.springframework.org/schema/beans http://www.springframework.org/schema/beans/spring-beans-3.1.xsd">


   <bean id="beanBiz" class="com.spring.bean.BeanImpl">
      <property name="hello" value="欢迎你，中国"></property>
    </bean>
    
    <bean id="logBeforeAdvice" class="com.spring.advice.LogBeforeAdvice" />
    <bean id="logAfterAdvice" class="com.spring.advice.LogAfterAdvice" /> 
    
    <bean id="beanproxy" class="org.springframework.aop.framework.ProxyFactoryBean">
      <property name="proxyInterfaces" value="com.spring.bean.IBean"></property>
      <property name="target" ref="beanBiz"></property>
      <property name="interceptorNames">
         <list>
            <value>logBeforeAdvice</value>
            <value>logAfterAdvice</value>
         </list>
      </property>
    </bean>
    
    <bean id="ds" class="org.springframework.jdbc.datasource.DriverManagerDataSource">
       <property name="driverClassName" value="oracle.jdbc.OracleDriver"></property>
       <property name="url" value="jdbc:oracle:thin:@localhost:1521:orcl"></property>
       <property name="username" value="scott"></property>
       <property name="password" value="tiger"></property>
    </bean>
    

    <bean id="sessionFactory" class="org.springframework.orm.hibernate3.LocalSessionFactoryBean">
        <property name="dataSource" ref="ds"></property>
	    <property name="hibernateProperties">
	        <props>
	          <prop key="hibernate.dialect">org.hibernate.dialect.Oracle10gDialect</prop>
	          <prop key="hibernate.show_sql">true</prop>
	        </props>
	    </property>
	    <property name="mappingResources">
	        <list>
	           <value>com/spring/vo/Stu.hbm.xml</value>
	        </list>
	    </property>	
    </bean>
    
    <bean id="dao" class="com.spring.daoimpl.BaseDaoImpl">
	    <property name="sessionFactory" ref="sessionFactory"></property>
	</bean>
	
	<bean id="transactionManager" class="org.springframework.orm.hibernate3.HibernateTransactionManager">
	    <property name="sessionFactory" ref="sessionFactory"></property>
	</bean>
	
	<bean id="basedao" class="org.springframework.transaction.interceptor.TransactionProxyFactoryBean">
	   <property name="transactionManager">
	      <ref bean="transactionManager"></ref>
	   </property>
	   <property name="proxyInterfaces">
	      <list>
	        <value>com.spring.dao.IBaseDao</value>
	      </list>
	   </property>
	   <property name="target">
	      <ref bean="dao"/>
	   </property>
	   <property name="transactionAttributes">
	      <props>
	         <prop key="add">PROPAGATION_REQUIRED</prop>
	         <prop key="update">PROPAGATION_REQUIRED</prop>
	         <prop key="delete">PROPAGATION_REQUIRED</prop>
	         <prop key="get">PROPAGATION_REQUIRED,readOnly</prop>
	      </props>
	   </property>
	</bean>
</beans>