<?xml version="1.0" encoding="UTF-8"?>
<!-- <!DOCTYPE sqlMapConfig SYSTEM "http://www.ibatis.com/dtd/sql-map-config-2.dtd" > -->


<!DOCTYPE sqlMapConfig      
    PUBLIC "-//ibatis.apache.org//DTD SQL Map Config 2.0//EN"      
    "http://www.ibatis.apache.org/dtd/sql-map-config-2.dtd">

<sqlMapConfig>
	
	<transactionManager type="JDBC" commitRequired="false">
	<dataSource type="SIMPLE">
		<property name="JDBC.Driver" value="com.microsoft.sqlserver.jdbc.SQLServerDriver" />
		<property name="JDBC.ConnectionURL" value="jdbc:sqlserver://localhost:1433;databaseName=userManager" />
		<property name="JDBC.Username" value="sa" />
		<property name="JDBC.Password" value="123456" />
	</dataSource>
	</transactionManager>
	<sqlMap resource="pojo/Emp.xml"/> 
</sqlMapConfig>