<?xml version="1.0" encoding="UTF-8" ?>
<!DOCTYPE struts PUBLIC "-//Apache Software Foundation//DTD Struts Configuration 2.1//EN" "http://struts.apache.org/dtds/struts-2.1.dtd">
<struts>
  <package name="struts2" namespace="/" extends="struts-default,json-default">
    <action name="studentAction" class="action.StudentAction" >
      <result name="index" type="json">
        <param name="root">list</param>
      </result>
      <result name="toindex">index.jsp</result>
    </action>
  </package>
</struts>    
