<?xml version="1.0" encoding="UTF-8"?>
<!DOCTYPE sqlMap SYSTEM "http://ibatis.apache.org/dtd/sql-map-2.dtd" >
<sqlMap>
<!-- 给POJO类定义短描述(或别名) -->
<typeAlias alias="mess" type="com.bean.Mess"/>
<!-- 查询标签 -->
<select id="queryMess" resultClass="mess">
	select * from Mess
</select>
<!-- 修改标签 -->
<update id="updateMess" parameterClass="mess">
	update Mess set Username=#Username#,Sex=#Sex#,Email=#Email#,Phone=#Phone# where Id=#Id#
</update>
<!-- 添加标签 -->
<insert id="insertMess" parameterClass="mess">
	insert into Mess values(#Id#,#Username#,#Sex#,#Email#,#Phone#)
</insert>
<!-- 删除标签 -->
<delete id="deleteMess" parameterClass="java.lang.Integer">
		delete from Mess where Id=#value#
</delete>
</sqlMap>