<?xml version="1.0" encoding="UTF-8"?>

<!-- 约束？？？ -->
<!DOCTYPE sqlMap SYSTEM "http://ibatis.apache.org/dtd/sql-map-2.dtd" >


 <sqlMap namespace="ns_grade">
 
   <typeAlias alias="grade" type="pojo.Grade"></typeAlias>
   
   <!-- 显示部门时能显示部门下所有员工 -->
    <resultMap class="grade" id="gradeMap">
    
      <result property="gid" column="gid"/>
      <result property="gname" column="gname"/>
      <result property="students" column="gid" select="ns_student.queryStudentGrade"/>
   
    </resultMap>
   
    <select id="queryGradeAndStudent" resultMap="gradeMap">
      select * from grade
    </select>
    
    <!-- 删除班级同时删除班级所属学生 -->
     <delete id="deleteGradeAndStudent" parameterClass="int" >
       delete  from grade where gid=#value#
     </delete>
    
   <!-- 班级名称加人数 -->
   <statement id="queryGrade" resultClass="java.util.HashMap">

   <![CDATA[
      select g.gname as bgname,count(s.sno) as scount from student s right
      join grade g on s.gid=g.gid  group by g.gname
   ]]>
   
   </statement>
   
    <select id="queryGradeById" resultClass="grade" parameterClass="java.lang.Integer">
      select * from grade where gid=#value#
   </select>
   
   <select id="queryGradeList" resultClass="grade">
     select * from grade
   </select>
   
   
 </sqlMap>
