<?xml version="1.0" encoding="UTF-8"?>

<!-- 约束？？？ -->
<!DOCTYPE sqlMap SYSTEM "http://ibatis.apache.org/dtd/sql-map-2.dtd" >

<sqlMap  namespace="ns_student">

  
  <!-- 给类定义段描述（别名） -->
   <typeAlias alias="student" type="pojo.Student"></typeAlias>
   
   
   <!-- 配置resultMap复合类型 ，以方便封装查询返回数据-->
    <resultMap class="student" id="studentMap">
    
       <result property="sno" column="SNO" />
       <result property="sname" column="SNAME" />
       <result property="sage" column="SAGE" />
       <result property="ssex" column="SSEX" />
       <result property="password" column="PASSWORD" />
       <result property="grade" column="GID" select="ns_grade.queryGradeById"/>
    
    </resultMap>
   
  <!-- 查询标签 -->
   <select id="queryStudent" resultMap="studentMap">
     select * from student
   </select>
   
  <!-- grade有关 -->
    <select id="queryStudentGrade" resultClass="student" parameterClass="java.lang.Integer">
      select * from student where gid=#value#
   </select>
  
  <!-- 修改标签 -->
   <update id="updateStudent" parameterClass="student">
     update student set sname=#sname# , ssex=#ssex#,sage=#sage#, password=#password#,gid=#grade.gid# where sno=#sno#
   </update>
  <!-- 添加标签 -->
   <insert id="insertStudent" parameterClass="student">
   
     <!-- 为列指定序列实现自增 -->
     <selectKey resultClass="String" keyProperty="sno">
        select SEQ_TL_COMMON_ITEM.nextval as sno from dual 
     </selectKey>
    
    insert into student values(#sno#,#sname#,#ssex#,#sage#,#password#,#grade.gid#)
   </insert>
  <!-- 删除标签 -->
   <delete id="deleteStudent" parameterClass="java.lang.String">
     delete from student where sno=#sno#
   </delete>
   
   
</sqlMap>
