<?xml version="1.0" encoding="UTF-8" standalone="no"?>
<project adv-config="true">
  <add-on id="web.struts2.spring"/>
  <add-on id="spring.test"/>
  <add-on id="spring.aop"/>
  <add-on id="spring.j2ee_2.5"/>
  <add-on id="spring.persistence.jdbc"/>
  <add-on id="spring.web"/>
  <add-on id="spring.persistence.ibatis"/>
  <add-on id="spring.support"/>
  <add-on id="spring.remoting_2.5"/>
  <add-on id="spring.persistence"/>
  <add-on id="spring.persistence.jdo"/>
  <container path="com.genuitec.runtime.library/com.genuitec.spring_2.5">
    <disable name="asm-2.2.3.jar" type="jar"/>
  </container>
</project>
