<?xml version="1.0" encoding="UTF-8"?>
<beans
	xmlns="http://www.springframework.org/schema/beans"
	xmlns:xsi="http://www.w3.org/2001/XMLSchema-instance"
	xmlns:p="http://www.springframework.org/schema/p"
	xsi:schemaLocation="http://www.springframework.org/schema/beans http://www.springframework.org/schema/beans/spring-beans-3.1.xsd">
    
    
    <bean id="beanBiz" class="com.qhit.appdemo.BeanImpl">
     <property name="hello" value="你真好，你真是个大傻吊"/>
    </bean>
    <bean id="logBeforeAdvice" class="com.qhit.appdemo.LogBeforeAdvice"/>
    <bean id="logAfterAdvice"  class="com.qhit.appdemo.LogAfterAdvice"/>
    
    <bean id="beanproxy" class="org.springframework.aop.framework.ProxyFactoryBean">
    <property name="proxyInterfaces" value="com.qhit.appdemo.IBean"/>
    <property name="target" ref="beanBiz"/>
    <property name="interceptorNames">
    <list>
       <value>logBeforeAdvice</value>
       <value>logAfterAdvice</value>
    </list>
    </property>
    </bean>
</beans>