<?xml version="1.0" encoding="utf-8"?>
<!DOCTYPE hibernate-mapping PUBLIC "-//Hibernate/Hibernate Mapping DTD 3.0//EN"
"http://hibernate.sourceforge.net/hibernate-mapping-3.0.dtd">
<!-- 
    Mapping file autogenerated by MyEclipse Persistence Tools
-->
<hibernate-mapping>
    <class name="pojo.Users" table="users" schema="dbo" catalog="easyui">
        <id name="id" type="java.lang.Integer">
            <column name="id" />
            <generator class="native" />
        </id>
        <property name="username" type="java.lang.String">
            <column name="username" length="50" />
        </property>
        <property name="sex" type="java.lang.String">
            <column name="sex" length="50" />
        </property>
        <property name="age" type="java.lang.Integer">
            <column name="age" />
        </property>
        <property name="address" type="java.lang.String">
            <column name="address" length="50" />
        </property>
    </class>
</hibernate-mapping>
