<?xml version="1.0" encoding="utf-8"?>
<!DOCTYPE hibernate-mapping PUBLIC "-//Hibernate/Hibernate Mapping DTD 3.0//EN"
"http://hibernate.sourceforge.net/hibernate-mapping-3.0.dtd">
<!-- 
    Mapping file autogenerated by MyEclipse Persistence Tools
--> 
<hibernate-mapping>
    <class name="com.qhit.pojo.Student" table="student" schema="dbo" catalog="spring">
        <id name="studi" type="java.lang.Integer">
            <column name="studi" />
            <generator class="native"></generator>
        </id>
        <property name="stuname" type="java.lang.String">
            <column name="stuname" length="50" />
        </property>
        <property name="stusex" type="java.lang.String">
            <column name="stusex" length="50" />
        </property>
        <property name="stuage" type="java.lang.Integer">
            <column name="stuage" />
        </property>
    </class>
</hibernate-mapping>
