<?xml version="1.0" encoding="UTF-8"?>
<beans
	xmlns="http://www.springframework.org/schema/beans"
	xmlns:xsi="http://www.w3.org/2001/XMLSchema-instance"
	xmlns:p="http://www.springframework.org/schema/p"
	xsi:schemaLocation="http://www.springframework.org/schema/beans http://www.springframework.org/schema/beans/spring-beans-2.5.xsd">

<bean id="beanBiz" class="aopdemo.BeanImpl">
   <property name="hello" value="欢迎你，中国" />
</bean>

<bean id="logBeforeAdvice" class="aopdemo.LogBeforeAdvice" />
<bean id="logAfterAdvice" class="aopdemo.LogAfterAdvice" />

<bean id="beanproxy" class="org.springframework.aop.framework.ProxyFactoryBean">
   <property name="proxyInterfaces" value="aopdemo.IBean" />
   <property name="target" ref="beanBiz" />
   <property name="interceptorNames" >
      <list>
         <value>logBeforeAdvice</value>
         <value>logAfterAdvice</value>
      </list>
   </property>
</bean>

</beans>