<?xml version="1.0" encoding="utf-8"?>
<!DOCTYPE hibernate-mapping PUBLIC "-//Hibernate/Hibernate Mapping DTD 3.0//EN"
"http://hibernate.sourceforge.net/hibernate-mapping-3.0.dtd">
<!-- 
    Mapping file autogenerated by MyEclipse Persistence Tools
-->
<hibernate-mapping>
    <class name="com.text.Student" table="STUDENT" schema="SCOTT">
        <id name="id" type="java.lang.Integer">
            <column name="ID" precision="22" scale="0" />
            <generator class="sequence" >
               <param name="sequence">SEQ_TL_COMMON_ITEM</param>
            </generator>
            
        </id>
        <property name="name" type="java.lang.String">
            <column name="NAME" not-null="true" />
        </property>
    </class>
</hibernate-mapping>
