<?xml version="1.0" encoding="utf-8"?>
<!DOCTYPE hibernate-mapping PUBLIC "-//Hibernate/Hibernate Mapping DTD 3.0//EN"
"http://www.hibernate.org/dtd/hibernate-mapping-3.0.dtd">
<!-- 
    Mapping file autogenerated by MyEclipse Persistence Tools
-->
<hibernate-mapping>
    <class name="bean.Student" table="student" schema="dbo" catalog="students">
        <id name="sid" type="java.lang.Integer">
            <column name="sid" />
            <generator class="native"></generator>
        </id>
        <property name="sname" type="java.lang.String">
            <column name="sname" length="50" />
        </property>
        <property name="sclass" type="java.lang.String">
            <column name="sclass" length="50" />
        </property>
        <property name="ssex" type="java.lang.String">
            <column name="ssex" length="50" />
        </property>
        <property name="address" type="java.lang.String">
            <column name="address" length="50" />
        </property>
    </class>
</hibernate-mapping>
