<?xml version="1.0" encoding="utf-8"?>
<!DOCTYPE hibernate-mapping PUBLIC "-//Hibernate/Hibernate Mapping DTD 3.0//EN"
"http://hibernate.sourceforge.net/hibernate-mapping-3.0.dtd">
<!-- 
    Mapping file autogenerated by MyEclipse Persistence Tools
-->
<hibernate-mapping>
    <class name="bean.Emp" table="emp" schema="dbo" catalog="userManager">
        <id name="eid" type="java.lang.Integer">
            <column name="eid" />
            <generator class="native"></generator>
        </id>
        <property name="ename" type="java.lang.String">
            <column name="ename" length="50" />
        </property>
        <property name="pwd" type="java.lang.String">
            <column name="pwd" length="50" />
        </property>
        <property name="birthday" type="java.lang.String">
            <column name="birthday" length="50" />
        </property>
        <property name="did" type="java.lang.Integer">
            <column name="did" />
        </property>
    </class>
</hibernate-mapping>
