<?xml version="1.0" encoding="UTF-8"?>
   <!DOCTYPE struts PUBLIC
	"-//Apache Software Foundation//DTD Struts Configuration 2.1//EN"
	"http://struts.apache.org/dtds/struts-2.1.dtd">
	
<struts>
	<package name="str" extends="struts-default" >
		<action name="text" class="com.text.textaction" >
			<result name="success">/index.jsp</result>
            <result name="tolist" type="redirectAction">text!selStu</result>
			<result name="list">/txt.jsp</result>
		</action>
	</package>
</struts>