<?xml version="1.0" encoding="UTF-8"?>
<beans
	xmlns="http://www.springframework.org/schema/beans"
	xmlns:xsi="http://www.w3.org/2001/XMLSchema-instance"
	xmlns:p="http://www.springframework.org/schema/p"
	xsi:schemaLocation="http://www.springframework.org/schema/beans http://www.springframework.org/schema/beans/spring-beans-3.1.xsd">

<!-- 
	<bean id="sessionFactory"
		class="org.springframework.orm.hibernate3.LocalSessionFactoryBean">
	</bean>
 -->
 	
	<bean id="beanBiz" class="BeanDaoImpl.IBeanDaoImpl">
	  <property name="hello" value="欢迎你！！来到中国"></property>
	</bean>
	
	<bean id="LogBeforeAdvice" class="BeanDaoImpl.LogBeforeAdvice"></bean>
	<bean id="LogAfterAdvice" class="BeanDaoImpl.LogAfterAdvice"></bean>
	
	<bean id="beanproxy" class="org.springframework.aop.framework.ProxyFactoryBean">
	  <property name="proxyInterfaces" value="BeanDao.IBeanDao"></property>
	  <property name="target" ref="beanBiz"></property>
	  <property name="interceptorNames">
	    <list>
	      <value>LogBeforeAdvice</value>
	      <value>LogAfterAdvice</value>
	    </list>
	  </property>
	</bean>
	</beans>