<?xml version='1.0' encoding='UTF-8'?>
<!DOCTYPE hibernate-configuration PUBLIC
          "-//Hibernate/Hibernate Configuration DTD 3.0//EN"
          "http://hibernate.sourceforge.net/hibernate-configuration-3.0.dtd">
<!-- Generated by MyEclipse Hibernate Tools.                   -->
<hibernate-configuration>

<session-factory>
	<property name="connection.url">
		jdbc:sqlserver://127.0.0.1:1433;DatabaseName=json
	</property>
	<property name="connection.driver_class">
		com.microsoft.sqlserver.jdbc.SQLServerDriver
	</property>
	<property name="connection.username">sa</property>
	<property name="connection.password">123456</property>
	<property name="dialect">
		org.hibernate.dialect.SQLServerDialect
	</property>
	<property name="show_sql">true</property>
	<mapping resource="com/lzc/dao/Json.hbm.xml" />

</session-factory>

</hibernate-configuration>