<?xml version="1.0" encoding="UTF-8"?>
<beans
	xmlns="http://www.springframework.org/schema/beans"
	xmlns:xsi="http://www.w3.org/2001/XMLSchema-instance"
	xmlns:p="http://www.springframework.org/schema/p"
	xsi:schemaLocation="http://www.springframework.org/schema/beans http://www.springframework.org/schema/beans/spring-beans-3.1.xsd">
    
    
     <bean id="propertyConfigurer" 
         class="org.springframework.beans.factory.config.PreferencesPlaceholderConfigurer">
    </bean>
    
    <bean id="p001" class="com.vo.Person">
        <property name="name" value="张三"></property>
        <property name="sex" value="男"></property>
        <property name="phone" value="111111"></property>
    </bean>
    <bean id="p002" class="com.vo.Person">
        <property name="name" value="李四"></property>
        <property name="sex" value="男"></property>
        <property name="phone" value="222222"></property>
    </bean>
    <bean id="p003" class="com.vo.Person">
        <property name="name" value="王丽"></property>
        <property name="sex" value="女"></property>
        <property name="phone" value="333333"></property>
    </bean>
    <bean id="party" class="com.vo.Party">
       <constructor-arg index="0">
          <value>2018校友聚会</value>
       </constructor-arg>
       <property name="members">
           <list>
              <ref bean="p001"/>
              <ref bean="p002"/>
              <ref bean="p003"/>
           </list>
       </property>
    </bean>

</beans>