<?xml version="1.0" encoding="utf-8"?>
<!DOCTYPE hibernate-mapping PUBLIC "-//Hibernate/Hibernate Mapping DTD 3.0//EN"
"http://www.hibernate.org/dtd/hibernate-mapping-3.0.dtd">
<!-- 
    Mapping file autogenerated by MyEclipse Persistence Tools
-->
<hibernate-mapping>
    <class name="com.vo.Dept" table="DEPT" schema="SCOTT">
        <id name="did" type="java.lang.Integer">
            <column name="DID" precision="22" scale="0" />
           <generator class="assigned"></generator>
        </id>
        <property name="dname" type="java.lang.String">
            <column name="DNAME" length="20" />
        </property>
        <property name="manager" type="java.lang.Integer">
            <column name="MANAGER" precision="22" scale="0" />
        </property>
        <property name="tel" type="java.lang.String">
            <column name="TEL" length="15" />
        </property>
        <property name="master" type="java.lang.Integer">
            <column name="MASTER" precision="22" scale="0" />
        </property>
    </class>
</hibernate-mapping>
