<?xml version="1.0" encoding="UTF-8"?>

<!-- 约束？？？ -->
<!DOCTYPE sqlMap SYSTEM "http://ibatis.apache.org/dtd/sql-map-2.dtd" >

<sqlMap>
  <!-- 给类定义段描述（别名） -->
   <typeAlias alias="student" type="pojo.Student"></typeAlias>
  <!-- 查询标签 -->
   <select id="queryStudent" resultClass="student">
     select * from student
   </select>
  <!-- 修改标签 -->
   <update id="updateStudent" parameterClass="student">
     update student set sname=#sname#,ssex=#ssex#,sage=#sage#, password=#password# where sno=#sno#
   </update>
  <!-- 添加标签 -->
   <insert id="insertStudent" parameterClass="student">
    insert into student values(#sno#,#sname#,#ssex#,#sage#,#password#)
   </insert>
  <!-- 删除标签 -->
   <delete id="deleteStudent" parameterClass="java.lang.String">
     delete from student where sno=#sno#
   </delete>
</sqlMap>
