<?xml version="1.0" encoding="UTF-8"?>
<beans
	xmlns="http://www.springframework.org/schema/beans"
	xmlns:xsi="http://www.w3.org/2001/XMLSchema-instance"
	xmlns:p="http://www.springframework.org/schema/p"
	xsi:schemaLocation="http://www.springframework.org/schema/beans http://www.springframework.org/schema/beans/spring-beans-2.5.xsd">

<bean id="now" class="java.util.Date"></bean>
<bean id="p01" class="bean.Person">
<property name="name"  value="张三"></property>
<property name="sex"   value="男"></property>
<property name="phone" value="1234567"></property>
</bean>

<bean id="p02" class="bean.Person">
<property name="name" value="王五"></property>
<property name="sex" value="男"></property>
<property name="phone" value="3333333"></property>
</bean>

<bean id="p03" class="bean.Person">
<property name="name" value="李华"></property>
<property name="sex" value="女"></property>
<property name="phone" value="6666666"></property>
</bean>


<bean id="party" class="bean.Party">
<constructor-arg index="0">
<value>2018校友聚会</value>
</constructor-arg>

<property name="members">
<list>
<ref bean="p01"/>
<ref bean="p02"/>
<ref bean="p03"/>
</list>
</property>
</bean>

<bean id="myapp" class="util.AppListener"></bean>

<bean id="book" class="bean.Book">
<property name="bname" ><value>jsp</value></property>
<property name="zuoze" ><value>张三</value></property>
</bean>

<bean id="book1" class="bean.Book">
<property name="bname" ><value>java</value></property>
<property name="zuoze" ><value>java之父</value></property>
</bean>

<bean id="book2" class="bean.Book">
<property name="bname"><value>javascript</value></property>
<property name="zuoze"><value>刘飞</value></property>
</bean>


<bean id="hellobean" class="bean.hellobean">
<property name="booknames">
<list>
<value>jsp</value>
<value>java</value>
<value>javascript</value>
</list>
</property>

<property name="list">
<list>
<ref bean="book"/>
<ref bean="book1"/>
<ref bean="book2"/>
</list>
</property>

<property name="map">
<map>
<entry key="book">
<ref bean="book"/>
</entry>

<entry key="book1">
<ref bean="book1"/>
</entry>

<entry key="book2">
<ref bean="book2"/>
</entry>

</map>
</property>
</bean>

</beans>