<?xml version="1.0" encoding="UTF-8"?>
<!DOCTYPE sqlMapConfig SYSTEM "http://www.ibatis.com/dtd/sql-map-config-2.dtd" >
<sqlMapConfig>

<properties resource="database.properties"/>
 
    <settings cacheModelsEnabled="true" 
		enhancementEnabled="true"
		lazyLoadingEnabled="true"
		 useStatementNamespaces="true"
		maxSessions="64" maxTransactions="8" maxRequests="128" />
		
  
<transactionManager type="JDBC" commitRequired="false">
   
  <dataSource type="SIMPLE" >
  
     <property name="JDBC.Driver" value="${driverClass}"/>
     <property name="JDBC.ConnectionURL"  value="${ConnectonURL}"/>
     <property name="JDBC.Username"  value="${username}"/>
     <property name="JDBC.Password"  value="${password}"/>
  </dataSource>
</transactionManager>


  <sqlMap resource="pojo/student.xml"/>
  <sqlMap resource="pojo/grade.xml"/>

</sqlMapConfig>
