<?xml version="1.0" encoding="UTF-8"?>
<beans
	xmlns="http://www.springframework.org/schema/beans"
	xmlns:xsi="http://www.w3.org/2001/XMLSchema-instance"
	xmlns:p="http://www.springframework.org/schema/p"
	xsi:schemaLocation="http://www.springframework.org/schema/beans http://www.springframework.org/schema/beans/spring-beans-3.1.xsd">

	<bean id="xy" class="com.test.bean.XiaoYou">
		<property name="uname" value="张三"></property>
		<property name="usex" value="男"></property>
		<property name="uphone" value="12222"></property>
	</bean>
	<bean id="xy2" class="com.test.bean.XiaoYou">
		<property name="uname" value="李四"></property>
		<property name="usex" value="男"></property>
		<property name="uphone" value="135245"></property>
	</bean>
	<bean id="ss" class="java.util.Date"></bean>
	<bean id="jh" class="com.test.bean.Jhdd">
		<constructor-arg index="0">
			<value>2012校友聚会</value>
		</constructor-arg>
		<constructor-arg index="1">
			<ref bean="ss"/>
		</constructor-arg>
		<property name="members">
			<list>
				<ref bean="xy"/>
				<ref bean="xy2"/>
			</list>
		</property>
	</bean>
	<bean id="sjt" class="com.test.cs.ShijListener"></bean>
</beans>