<?xml version="1.0" encoding="UTF-8"?>
<beans
	xmlns="http://www.springframework.org/schema/beans"
	xmlns:xsi="http://www.w3.org/2001/XMLSchema-instance"
	xmlns:p="http://www.springframework.org/schema/p"
	xsi:schemaLocation="http://www.springframework.org/schema/beans http://www.springframework.org/schema/beans/spring-beans-3.1.xsd">
  
  <bean id="date" class="java.util.Date"></bean>
  
  <bean id="x01" class="com.dao.xiaoyou"> 
     <property name="name" value="马化腾"></property>
     <property name="sex" value="M"></property>
     <property name="phone" value="12356789"></property> 
  </bean>
  <bean id="x02" class="com.dao.xiaoyou"> 
     <property name="name" value="马云"></property>
     <property name="sex" value="M"></property>
     <property name="phone" value="1235678"></property> 
  </bean>
  <bean id="x03" class="com.dao.xiaoyou"> 
     <property name="name" value="雷军"></property>
     <property name="sex" value="M"></property>
     <property name="phone" value="123567"></property> 
  </bean>
  
  
 <bean id="juhui1" class="com.dao.juhui">
   <constructor-arg index="0">
   <value>2018年校友会</value>
   </constructor-arg>
   <constructor-arg index="1">
    <ref bean="date"/>
   </constructor-arg>
   <property name="mem">
    <list>
     <ref bean="x01"/>
     <ref bean="x02"/>
     <ref bean="x03"/>
    </list>
   </property>
 </bean>
  
  <bean id="myapp" class="com.test.helloapplistener"></bean>
  
  
</beans>