[
    {
        "uno": "1001",
        "uclass": "ST1108",
        "uname": "11",
        "usex": "m",
        "ubirthday": "1995-07-12"
    },
    {
        "uno": "1002",
        "uclass": "ST1108",
        "uname": "11",
        "usex": "11",
        "ubirthday": "1995-07-12"
    },
    {
        "uno": "1003",
        "uclass": "ST1108",
        "uname": "11",
        "usex": "11",
        "ubirthday": "1995-07-12"
    },
    {
        "uno": "1004",
        "uclass": "ST1108",
        "uname": "11",
        "usex": "11",
        "ubirthday": "1995-07-12"
    }
]

