<?xml version="1.0" encoding="UTF-8" ?>
<!DOCTYPE struts PUBLIC
	"-//Apache Software Foundation//DTD Struts Configuration 2.3//EN"
	"http://struts.apache.org/dtds/struts-2.3.dtd

">

<struts>

    <constant name="struts.enable.DynamicMethodInvocation" value="true" />
    <constant name="struts.devMode" value="true" />

    <package name="default" namespace="/" extends="struts-default">
		<action name="UserAction" class="action.UserAction">
			<result name="list">/asui.jsp</result>
		</action>
	
        
    </package>


</struts>
