<?xml version="1.0" encoding="UTF-8"?>
<!DOCTYPE sqlMap SYSTEM "http://ibatis.apache.org/dtd/sql-map-2.dtd" >
<!-- 起一个别名，方便后面的调用 -->
<sqlMap namespace="ns_dept">
<typeAlias alias="dept" type="com.tsing.pojo.Dept"/>

<resultMap class="dept" id="dept">
		<result property="did" column="did"/>
		<result property="dname" column="dname"/>
		<result property="loc" column="loc"/>
		<result property="emps" column="did" select="ns_emp.queryEmps"/>
	</resultMap>
	
	
	<select id="queryDepartment" resultMap="dept">
		select * from dept	
	</select>	
	<select id="queryDeptById" resultClass="dept" parameterClass="java.lang.Integer">
	select * from dept  where did=#value#
</select>
	
	
	

</sqlMap>


















