<?xml version="1.0" encoding="UTF-8"?>
<!DOCTYPE sqlMap SYSTEM "http://ibatis.apache.org/dtd/sql-map-2.dtd" >
<sqlMap namespace="ns_emp">
<!-- 给POJO类定义短描述(或别名) -->
<typeAlias alias="emp" type="com.tsing.pojo.Emp"/>
<resultMap class="emp" id="empMap">
<result property="eid" column="eid"/>
	<result property="ename" column="ename"/>
	<result property="sex" column="sex"/>
	<result property="age" column="age"/>
	<!-- property="department"这个是Emp封装类映射文件的别名 ,did是Dept的主键，select里面是dept.xml的方法 -->
<result property="department" column="did" select="ns_dept.queryDeptById"/>
</resultMap>

<!-- 查询方法 -->
<select id="queryEmployee" resultMap="empMap">
	select * from emp
</select>
<select id="queryEmps" parameterClass="int" resultClass="com.tsing.pojo.Emp">
		select * from emp where did = #value#
</select>


<select id="queryEmployeeCount" resultClass="java.lang.Integer">
	select count(*) as value from emp group by did
</select>





<statement id="queryEmployeeInfo" resultClass="java.util.HashMap">
<![CDATA[
select d.dname as dname , count(eid) as d_count from emp e  
right join  dept d on e.did = d.did group by d.dname
]]>
</statement>




<select id="queryByName" parameterClass="java.lang.String" resultClass="emp">
	<![CDATA[
	select * from emp e where e.ename like '%$value$%'
	]]>
</select>

<!-- 二元查询 -->
<select id="queryEmpStatement" parameterClass="emp" resultMap="empMap">
		select * from emp e 		
		 <isGreaterThan  property="age" compareValue="20">
		  where e.age = #age#
		 </isGreaterThan>
</select>

 <!-- 表示如果参数大于20 将添加此语句 -->
	<select id="queryAge" parameterClass="emp" resultMap="empMap">
		select * from emp e
		<isNotNull property="age">
			where e.age &lt; #age#		
		</isNotNull>
	
	</select>


<!-- 动态查询 -->
<select id="queryEmpDynamic" parameterClass="emp" resultMap="empMap">
	select  * from emp e left join dept d on e.did = d.did 
	<dynamic prepend="where"> 
		<isNotEmpty prepend="and" property="ename">
			e.ename like '%$ename$%'		
		</isNotEmpty>
		<isNotEmpty prepend="and" property="sex">
			e.sex = #sex#		
		</isNotEmpty>
		<isNotEmpty prepend="and" property="age">
			e.age= #age#		
		</isNotEmpty>
		<isNotEqual prepend="and" property="department.did" compareValue="0">		
			e.did =#department.did#
		</isNotEqual>	
	</dynamic>

</select>



























<!-- 修改标签 -->
<update id="updateEmployee" parameterClass="emp">
	update emp set ename=#ename#,sex=#sex#,age=#age#,did=#department.did# where eid=#eid#
</update>
<!-- 添加标签 -->
<insert id="insertEmployee" parameterClass="emp">
	<![CDATA[
	insert into emp(eid,ename,sex,age,did) values(null,#ename#,#sex#,#age#,#department.did#)
	]]>
</insert>
<!-- 删除标签 -->
<delete id="deleteEmployee" parameterClass="java.lang.Integer">
		delete from emp where eid=#value#
</delete>


</sqlMap>












