<?xml version="1.0" encoding="UTF-8"?>
<beans
	xmlns="http://www.springframework.org/schema/beans"
	xmlns:xsi="http://www.w3.org/2001/XMLSchema-instance"
	xmlns:p="http://www.springframework.org/schema/p"
	xsi:schemaLocation="http://www.springframework.org/schema/beans http://www.springframework.org/schema/beans/spring-beans-4.1.xsd">

	<bean id="data" class="java.util.Date"></bean>
    <bean id="helloword" class="test.HelloWord">
        <property name="name" value="Word"></property>
        <property name="data" ref="data"></property>
    </bean>
    <bean id="p01" class="bean.Person">
        <property name="name" value="王五"></property>
        <property name="sex" value="男"></property>
        <property name="phone" value="1111"></property>
    </bean>
    <bean id="p02" class="bean.Person">
        <property name="name" value="六四"></property>
        <property name="sex" value="女"></property>
        <property name="phone" value="2222"></property>
    </bean>
    <bean id="p03" class="bean.Person">
        <property name="name" value="李真"></property>
        <property name="sex" value="女"></property>
        <property name="phone" value="333"></property>
    </bean>
    <bean id="party" class="bean.Party">
        <constructor-arg index="0">
            <value>聚会</value>
        </constructor-arg>
        <property name="chengyuan">
            <list>
                <ref bean="p01"></ref>
                <ref bean="p02"></ref>
                <ref bean="p03"></ref>
            </list>
        </property>
    </bean>

</beans>