<?xml version="1.0" encoding="UTF-8"?>
<beans
	xmlns="http://www.springframework.org/schema/beans"
	xmlns:xsi="http://www.w3.org/2001/XMLSchema-instance"
	xmlns:p="http://www.springframework.org/schema/p"
	xsi:schemaLocation="http://www.springframework.org/schema/beans http://www.springframework.org/schema/beans/spring-beans-2.5.xsd">


<!-- 数据源定义 -->
<bean id="ds" class="org.springframework.jdbc.datasource.DriverManagerDataSource">
   <property name="driverClassName" value="oracle.jdbc.OracleDriver" />
   <property name="url" value="jdbc:oracle:thin:@localhost:1521:orcl" />
   <property name="username" value="scott" />
   <property name="password" value="tiger" />
</bean>
    
    
<!-- 会话工厂定义 -->
<bean id="sessionFactory" class="org.springframework.orm.hibernate3.LocalSessionFactoryBean">
   <property name="dataSource" ref="ds" />
   <property name="hibernateProperties">
      <props>
         <prop key="hibernate.dialect">org.hibernate.dialect.Oracle10gDialect</prop>
         <prop key="hibernate.show_sql">true</prop>
      </props>
   </property>
   <property name="mappingResources">
      <list>
         <value>bean/Student.hbm.xml</value></list>
   </property>
</bean>


<!-- BaseDao组件定义 -->
<bean id="basedao" class="dao.BaseDaoImpl">
   <property name="sessionFactory" ref="sessionFactory" />
</bean>

<!-- 事物管理 -->
<bean id="transactionManager" class="org.springframework.orm.hibernate3.HibernateTransactionManager">
   <property name="sessionFactory" ref="sessionFactory"></property>
</bean>

<bean id="basedaoproxy" class="org.springframework.transaction.interceptor.TransactionProxyFactoryBean">
   <property name="transactionManager">
      <ref bean="transactionManager"/>
   </property>
   <property name="proxyInterfaces">
      <list>
         <value>dao.BaseDao</value>
      </list>
   </property>
   <property name="target">
      <ref bean="basedao"/>
   </property>
   <property name="transactionAttributes">
      <props>
         <prop key="add*">PROPAGATION_REQUIRED</prop>
         <prop key="update*">PROPAGATION_REQUIRED</prop>
         <prop key="delete*">PROPAGATION_REQUIRED</prop>
         <prop key="get*">PROPAGATION_REQUIRED,readOnly</prop>
      </props>
   </property>
</bean>

	</beans>