<?xml version="1.0" encoding="utf-8"?>
<!DOCTYPE hibernate-mapping PUBLIC "-//Hibernate/Hibernate Mapping DTD 3.0//EN"
"http://hibernate.sourceforge.net/hibernate-mapping-3.0.dtd">
<!-- 
    Mapping file autogenerated by MyEclipse Persistence Tools
-->
<hibernate-mapping>
    <class name="bean.Paper" table="paper" schema="dbo" catalog="lianxi">
        <id name="pid" type="java.lang.Integer">
            <column name="pid" />
            <generator class="native"></generator>
        </id>
        <property name="pname" type="java.lang.String">
            <column name="pname" length="50" />
        </property>
        <property name="pemail" type="java.lang.String">
            <column name="pemail" length="50" />
        </property>
        <property name="psubject" type="java.lang.String">
            <column name="psubject" length="50" />
        </property>
        <property name="pmessage" type="java.lang.String">
            <column name="pmessage" length="50" />
        </property>
        <property name="planguage" type="java.lang.String">
            <column name="planguage" length="50" />
        </property>
    </class>
</hibernate-mapping>
