<?xml version="1.0" encoding="utf-8"?>
<!DOCTYPE hibernate-mapping PUBLIC "-//Hibernate/Hibernate Mapping DTD 3.0//EN"
"http://hibernate.sourceforge.net/hibernate-mapping-3.0.dtd">
<!-- 
    Mapping file autogenerated by MyEclipse Persistence Tools
-->
<hibernate-mapping>
    <class name="com.qhit.Bean.Student" table="STUDENT" schema="SCOTT">
        <id name="id" type="java.lang.String">
            <column name="ID" length="500" />
            <generator class="assigned" />
        </id>
        <property name="name" type="java.lang.String">
            <column name="NAME" length="30" />
        </property>
        <property name="tel" type="java.lang.String">
            <column name="TEL" length="30" />
        </property>
        <property name="dress" type="java.lang.String">
            <column name="DRESS" length="30" />
        </property>
    </class>
</hibernate-mapping>
