<?xml version="1.0" encoding="utf-8"?>
<!DOCTYPE hibernate-mapping PUBLIC "-//Hibernate/Hibernate Mapping DTD 3.0//EN"
"http://hibernate.sourceforge.net/hibernate-mapping-3.0.dtd">
<!-- 
    Mapping file autogenerated by MyEclipse Persistence Tools
-->
<hibernate-mapping>
    <class name="bean.Student" table="STUDENT" schema="SCOTT">
        <id name="stuid" type="java.lang.Integer">
            <column name="STUID" precision="22" scale="0" />
            <generator class="sequence">
            <param name="sequence">seq_newsId</param>
            </generator>
        </id>
        <property name="stuname" type="java.lang.String">
            <column name="STUNAME" length="50" />
        </property>
        <property name="stusex" type="java.lang.String">
            <column name="STUSEX" length="50" />
        </property>
        <property name="stuage" type="java.lang.Integer">
            <column name="STUAGE" precision="22" scale="0" />
        </property>
    </class>
</hibernate-mapping>
