<?xml version="1.0" encoding="utf-8"?>
<!DOCTYPE hibernate-mapping PUBLIC "-//Hibernate/Hibernate Mapping DTD 3.0//EN"
"http://hibernate.sourceforge.net/hibernate-mapping-3.0.dtd">
<!-- 
    Mapping file autogenerated by MyEclipse Persistence Tools
-->
<hibernate-mapping>
    <class name="com.spring.beans.Depts" table="DEPTS" schema="SCOTT">
        <id name="did" type="java.math.BigDecimal">
            <column name="DID" precision="22" scale="0" />
            <generator class="assigned" />
        </id>
        <property name="dname" type="java.lang.String">
            <column name="DNAME" length="20" />
        </property>
        <property name="tel" type="java.lang.String">
            <column name="TEL" length="15" />
        </property>
        <property name="ress" type="java.lang.String">
            <column name="RESS" length="20" />
        </property>
    </class>
</hibernate-mapping>
