<?xml version="1.0" encoding="UTF-8"?>
   <!DOCTYPE struts PUBLIC
	"-//Apache Software Foundation//DTD Struts Configuration 2.1//EN"
	"http://struts.apache.org/dtds/struts-2.1.dtd">
	
<struts>
	<package name="name" extends="struts-default" >
	 <action name="name_*" class="com.lzc.dao.action" method="{1}">
	    <result name="name">zhuce.jsp</result>
	 </action>
	 <action name="demo_*" class="com.lzc.Action.Laciton" method="{1}">
	    <result name="easyui">easy.jsp</result>
	 </action>	
	</package>
</struts>