<?xml version="1.0" encoding="utf-8"?>
<!DOCTYPE hibernate-mapping PUBLIC "-//Hibernate/Hibernate Mapping DTD 3.0//EN"
                                   "http://hibernate.sourceforge.net/hibernate-mapping-3.0.dtd">
<!-- 
    Mapping file autogenerated by MyEclipse Persistence Tools
-->
<hibernate-mapping default-lazy="false">
 <class catalog="userManager" name="bean.Dept" schema="dbo" table="dept">
  <id name="did" type="java.lang.Integer">
   <column name="did"/>
   <generator class="native"/>
  </id>
  <property generated="never" lazy="false" name="dname" type="java.lang.String">
   <column length="50" name="dname"/>
  </property>
  
 <set name="emps" cascade="save-update" inverse="true">
 	<key column="did"></key>
 	<one-to-many class="bean.Student"/>
 </set>
 </class>
</hibernate-mapping>
