<?xml version="1.0" encoding="UTF-8"?>
 <!DOCTYPE struts PUBLIC
	"-//Apache Software Foundation//DTD Struts Configuration 2.1//EN"
	"http://struts.apache.org/dtds/struts-2.1.dtd">
	
	<struts>	
        <package name="ceshipackage" extends="struts-default">
	       <action name="login" class="com.ezui.action.loginAction">
	         <result name="list">zhuce.jsp</result>     
	        <result name="tolist" type="redirectAction">login!list</result>     
	        
	       </action>
	    </package>
	</struts>