<?xml version="1.0" encoding="UTF-8"?>
<!DOCTYPE sqlMap SYSTEM "http://ibatis.apache.org/dtd/sql-map-2.dtd">
<sqlMap>
<!-- 给POJO类定义短描述(或别名) -->
<typeAlias alias="student" type="com.Ibatis.pojo.Student"/>
<!-- 查询标签 -->
<select id="querystudent" resultClass="student">
	select * from Student
</select>
<!-- 修改标签 -->
<update id="updatestudent" parameterClass="student">
	update student set sname=#sname#,sage=#sage#,ssex=#ssex# where sno=#sno#
</update>
<!-- 添加标签 -->
<insert id="insertstudent" parameterClass="student">
	insert into student values(#sno#,#sname#,#sage#,#ssex#)
</insert>
<!-- 删除标签 -->
<delete id="deletestudent" parameterClass="java.lang.String">
		delete from Student where sno=#value#
</delete>
</sqlMap>