<?xml version="1.0" encoding="UTF-8"?>
<beans
	xmlns="http://www.springframework.org/schema/beans"
	xmlns:xsi="http://www.w3.org/2001/XMLSchema-instance"
	xmlns:p="http://www.springframework.org/schema/p"
	xsi:schemaLocation="http://www.springframework.org/schema/beans http://www.springframework.org/schema/beans/spring-beans-3.1.xsd">

<!--
<bean id="now" class="java.util.Date"></bean>
<bean id="hellobean" class="com.spring.test.HelloBean">
<constructor-arg index="0">
<value>Hello.Spring</value>
</constructor-arg>
<constructor-arg index="1">
<ref bean="now"/>
</constructor-arg>
</bean> 
 -->

<bean id="p01" class="demo.bean.Person">
<property name="name" value="张三"></property>
<property name="sex" value="男"></property>
<property name="phone" value="1234567"></property>
</bean>

<bean id="p02" class="demo.bean.Person">
<property name="name" value="五五"></property>
<property name="sex" value="男"></property>
<property name="phone" value="6666666"></property>
</bean>

<bean id="p03" class="demo.bean.Person">
<property name="name" value="琪琪"></property>
<property name="sex" value="女"></property>
<property name="phone" value="8888888"></property>
</bean>

<bean id="party" class="demo.bean.Party">
<constructor-arg index="0">
<value>2012校友聚会</value>
</constructor-arg>

<property name="members">
<list>
<ref bean="p01"/>
<ref bean="p02"/>
<ref bean="p03"/>
</list>
</property>
</bean>


<!-- 
监听事件测试
 -->

<bean id="myapplistener" class="com.hello.HelloAppListener">

</bean>
</beans>