<?xml version="1.0" encoding="UTF-8" ?>
<!DOCTYPE struts PUBLIC "-//Apache Software Foundation//DTD Struts Configuration 2.1//EN" "http://struts.apache.org/dtds/struts-2.1.dtd">
<struts>
       <package name="default" namespace="/" extends="struts-default">
        <action name="login" class="action.StudentAction">
            <result name="list">/liststudent.jsp</result>
            <result name="tolist" type="redirectAction">login!listStudent</result>
            <result name="toupdate">/updatestudent.jsp</result>
        </action>
    </package>
</struts>    
